{"stats":{"minecraft:dropped":{"wardrobe:soul_lantern_on_a_stick":1},"minecraft:custom":{"minecraft:jump":19,"minecraft:time_since_rest":14204,"minecraft:damage_dealt":30,"minecraft:leave_game":1,"minecraft:play_time":14204,"minecraft:sprint_one_cm":6569,"minecraft:time_since_death":14204,"minecraft:walk_one_cm":30049,"minecraft:sneak_time":25,"minecraft:total_world_time":14204,"minecraft:drop":1,"minecraft:fly_one_cm":55476},"minecraft:used":{"beachparty:hammock":1,"minecraft:andesite":1,"beachparty:deck_chair":2,"minecraft:villager_spawn_egg":2,"beachparty:beach_chair":1,"minecraft:cat_spawn_egg":1},"minecraft:picked_up":{"wardrobe:soul_lantern_on_a_stick":1}},"DataVersion":3465}