{"stats":{"minecraft:custom":{"minecraft:time_since_rest":134779,"minecraft:sprint_one_cm":40726,"minecraft:walk_one_cm":199419,"minecraft:drop":1,"minecraft:damage_dealt":20,"minecraft:interact_with_beacon":1,"minecraft:fly_one_cm":656830,"minecraft:crouch_one_cm":464,"minecraft:play_time":181249,"minecraft:deaths":2,"minecraft:sneak_time":1662,"minecraft:walk_under_water_one_cm":31,"minecraft:jump":181,"minecraft:leave_game":2,"minecraft:time_since_death":134749,"minecraft:walk_on_water_one_cm":12919,"minecraft:total_world_time":181249},"minecraft:picked_up":{"minecraft:oak_log":1,"minecraft:wheat_seeds":13},"minecraft:dropped":{"minecraft:oak_log":1},"minecraft:used":{"minecraft:redstone_torch":7,"minecraft:quartz_bricks":73,"minecraft:oak_log":127,"minecraft:oak_fence":119,"mcwlights:wall_lantern":1,"minecraft:glass":20,"minecraft:water_bucket":43,"create:display_link":6,"create:brass_casing":11,"minecraft:quartz_pillar":39,"minecraft:quartz_slab":18,"minecraft:yellow_stained_glass":1,"minecraft:iron_block":90,"minecraft:grass_block":619,"minecraft:oak_stairs":79,"minecraft:oak_sign":16,"minecraft:oak_planks":267,"minecraft:quartz_block":196,"create:cuckoo_clock":10,"minecraft:spruce_trapdoor":21,"minecraft:redstone_block":21,"minecraft:smooth_quartz":459,"create:nixie_tube":10,"quark:stripped_oak_post":9,"minecraft:beacon":1,"minecraft:quartz_stairs":13,"create:creative_motor":6,"minecraft:smooth_quartz_stairs":84,"minecraft:diamond_block":1,"minecraft:redstone_lamp":19,"create:shaft":10,"minecraft:oak_slab":285,"create:cogwheel":13,"minecraft:bucket":3,"create:display_board":10,"minecraft:sponge":7,"minecraft:chiseled_quartz_block":85,"minecraft:stripped_oak_log":117,"create:vertical_gearbox":6,"create:large_cogwheel":4}},"DataVersion":3465}