{"stats":{"minecraft:killed_by":{"specialmobs:skeleton":2},"minecraft:dropped":{"toughasnails:water_canteen":1,"minecraft:wheat_seeds":1,"minecraft:emerald":1,"minecraft:rose_bush":2,"minecraft:leather_leggings":2},"minecraft:custom":{"lootr:looted_stat":18,"minecraft:interact_with_furnace":9,"minecraft:mob_kills":10,"minecraft:interact_with_crafting_table":17,"minecraft:open_barrel":5,"minecraft:leave_game":4,"minecraft:time_since_death":11768,"minecraft:sleep_in_bed":5,"minecraft:climb_one_cm":3905,"minecraft:time_since_rest":11797,"minecraft:sprint_one_cm":295333,"minecraft:damage_taken":1072,"minecraft:walk_one_cm":310047,"minecraft:drop":7,"minecraft:damage_dealt":1342,"minecraft:fly_one_cm":1067021,"minecraft:open_chest":35,"minecraft:crouch_one_cm":165,"minecraft:play_time":130906,"minecraft:deaths":2,"minecraft:sneak_time":263,"minecraft:jump":1236,"minecraft:walk_on_water_one_cm":120,"minecraft:total_world_time":130906,"minecraft:fall_one_cm":29448},"minecraft:picked_up":{"minecraft:charcoal":16,"minecraft:wheat":35,"minecraft:chicken":3,"minecraft:leather_leggings":1,"minecraft:leather":6,"minecraft:stone_brick_stairs":1,"minecraft:oak_log":61,"farmersdelight:cutting_board":2,"farmersdelight:flint_knife":1,"minecraft:dirt":1,"minecraft:string":9,"farmersdelight:mutton_chops":2,"minecraft:cooked_mutton":1,"minecraft:item_frame":2,"minecraft:bone":3,"minecraft:stone_bricks":4,"minecraft:wheat_seeds":95,"minecraft:cobbled_deepslate_slab":2,"minecraft:iron_ingot":1,"minecraft:beef":13,"minecraft:rose_bush":2,"minecraft:cobblestone_slab":1,"minecraft:sugar_cane":16,"minecraft:chest":2,"minecraft:book":45,"minecraft:oak_slab":1,"minecraft:stick":1,"minecraft:raw_iron":4,"minecraft:polished_deepslate_slab":2,"minecraft:stone_brick_slab":1,"minecraft:acacia_log":2,"minecraft:sand":15,"minecraft:spruce_log":2,"minecraft:arrow":3,"minecraft:rotten_flesh":2,"born_in_chaos_v1:wood_splitter_axe":1,"minecraft:gold_ingot":10,"minecraft:iron_block":1,"minecraft:painting":2,"minecraft:emerald":2,"minecraft:bread":1,"minecraft:oak_sapling":1,"minecraft:mutton":3,"minecraft:coal":37,"minecraft:cobblestone":14,"alexsmobs:flying_fish":3},"minecraft:mined":{"minecraft:oak_slab":1,"minecraft:stone_brick_slab":1,"gravestone:gravestone":1,"minecraft:cobbled_deepslate_slab":2,"minecraft:grass_block":1,"minecraft:chest":2,"minecraft:rose_bush":1,"minecraft:campfire":8,"minecraft:tall_grass":11,"minecraft:sugar_cane":7,"minecraft:large_fern":1,"minecraft:iron_ore":4,"farmersdelight:cutting_board":2,"minecraft:wheat":37,"minecraft:stone_brick_stairs":1,"minecraft:grass":8,"minecraft:bookshelf":15,"minecraft:oak_log":62,"minecraft:coal_ore":37,"minecraft:cobblestone_slab":1,"minecraft:polished_deepslate_slab":2,"minecraft:sand":15,"immersive_weathering:ivy":3,"minecraft:cobweb":9,"lucky:lucky_block":3,"minecraft:stone_bricks":5,"minecraft:stone":14,"minecraft:iron_block":1,"minecraft:fern":1,"minecraft:oak_leaves":9},"minecraft:crafted":{"minecraft:oak_planks":40,"sophisticatedbackpacks:backpack":1,"minecraft:crafting_table":1,"minecraft:spruce_planks":8,"minecraft:wooden_pickaxe":1,"minecraft:iron_sword":1,"minecraft:bread":21,"minecraft:air":0,"minecraft:glass":7,"toughasnails:water_purifier":1,"minecraft:shield":1,"minecraft:iron_axe":1,"minecraft:stick":20,"quark:oak_chest":2,"minecraft:iron_ingot":15,"minecraft:iron_pickaxe":1,"minecraft:stone_pickaxe":1,"minecraft:chest":1,"minecraft:iron_shovel":1,"minecraft:acacia_planks":8,"minecraft:torch":36,"sophisticatedbackpacks:iron_backpack":1,"toughasnails:empty_canteen":2,"minecraft:wheat":153},"minecraft:killed":{"born_in_chaos_v1:zombie_lumberjack":1,"born_in_chaos_v1:decrepit_skeleton":1,"specialmobs:creeper":1,"takesapillage:archer":1,"minecraft:cow":5},"minecraft:used":{"minecraft:cooked_mutton":1,"minecraft:iron_shovel":16,"toughasnails:water_purifier":1,"minecraft:stone_pickaxe":24,"minecraft:wooden_pickaxe":17,"minecraft:iron_sword":35,"minecraft:cobblestone_slab":1,"toughasnails:water_canteen":12,"minecraft:torch":3,"farmersdelight:flint_knife":1,"minecraft:crafting_table":1,"toughasnails:empty_canteen":2,"minecraft:painting":2,"minecraft:bread":9,"minecraft:iron_pickaxe":35,"minecraft:stone_bricks":2,"farmersdelight:cutting_board":2,"toughasnails:purified_water_canteen":4,"born_in_chaos_v1:wood_splitter_axe":89,"alexsmobs:animal_dictionary":2,"quark:oak_chest":2}},"DataVersion":3465}