{"stats":{"minecraft:dropped":{"immersive_melodies:lute":1,"wardrobe:soul_lantern_on_a_stick":1,"candlelight:cooking_hat":1,"candlelight:chefs_jacket":1,"candlelight:chefs_pants":1,"convenientdecor:lime_umbrella":1},"minecraft:custom":{"minecraft:time_since_rest":26204,"minecraft:crouch_one_cm":32,"minecraft:sprint_one_cm":8345,"minecraft:play_time":26204,"minecraft:walk_one_cm":51633,"minecraft:sneak_time":133,"minecraft:drop":6,"minecraft:jump":24,"minecraft:damage_dealt":30,"minecraft:leave_game":1,"minecraft:time_since_death":26204,"minecraft:total_world_time":26204,"minecraft:fly_one_cm":56463},"minecraft:used":{"beachparty:hammock":1,"creeperoverhaul:ocean_creeper_spawn_egg":2,"creeperoverhaul:beach_creeper_spawn_egg":1,"hamsters:hamster_spawn_egg":1,"minecraft:villager_spawn_egg":2,"beachparty:beach_chair":1,"minecraft:polished_andesite":1,"minecraft:andesite":2,"naturalist:teddy_bear":2,"hamsters:hamster":1,"beachparty:deck_chair":2,"creeperoverhaul:snowy_creeper_spawn_egg":1,"hamsters:hamster_wheel":7,"minecraft:cat_spawn_egg":1},"minecraft:picked_up":{"minecraft:salmon":2,"wardrobe:soul_lantern_on_a_stick":1}},"DataVersion":3465}