{"stats":{"minecraft:custom":{"minecraft:jump":7,"minecraft:time_since_rest":2714,"minecraft:leave_game":1,"minecraft:play_record":1,"minecraft:sprint_one_cm":570,"minecraft:play_time":2714,"minecraft:damage_taken":20,"minecraft:time_since_death":2714,"minecraft:walk_one_cm":4337,"minecraft:total_world_time":2714,"minecraft:fall_one_cm":482,"minecraft:fly_one_cm":10658,"minecraft:animals_bred":1},"minecraft:picked_up":{"minecraft:music_disc_pigstep":1},"minecraft:used":{"minecraft:music_disc_pigstep":1,"minecraft:jukebox":1,"minecraft:cat_spawn_egg":2}},"DataVersion":3465}