{"stats":{"minecraft:dropped":{"toughasnails:water_canteen":1,"minecraft:rose_bush":2},"minecraft:custom":{"lootr:looted_stat":14,"minecraft:interact_with_furnace":8,"minecraft:mob_kills":8,"minecraft:interact_with_crafting_table":11,"minecraft:open_barrel":2,"minecraft:leave_game":4,"minecraft:time_since_death":106906,"minecraft:sleep_in_bed":4,"minecraft:climb_one_cm":1324,"minecraft:time_since_rest":2340,"minecraft:sprint_one_cm":187581,"minecraft:damage_taken":210,"minecraft:walk_one_cm":245013,"minecraft:drop":3,"minecraft:damage_dealt":1215,"minecraft:fly_one_cm":939306,"minecraft:open_chest":23,"minecraft:crouch_one_cm":165,"minecraft:play_time":106906,"minecraft:sneak_time":231,"minecraft:jump":776,"minecraft:walk_on_water_one_cm":120,"minecraft:total_world_time":106906,"minecraft:fall_one_cm":18572},"minecraft:picked_up":{"minecraft:charcoal":14,"minecraft:wheat":35,"minecraft:chicken":3,"minecraft:leather":4,"minecraft:stone_brick_stairs":1,"minecraft:oak_log":10,"farmersdelight:cutting_board":2,"farmersdelight:flint_knife":1,"minecraft:string":8,"farmersdelight:mutton_chops":2,"minecraft:cooked_mutton":1,"minecraft:item_frame":2,"minecraft:bone":3,"minecraft:stone_bricks":4,"minecraft:wheat_seeds":89,"minecraft:cobbled_deepslate_slab":2,"minecraft:iron_ingot":1,"minecraft:beef":11,"minecraft:rose_bush":2,"minecraft:cobblestone_slab":1,"minecraft:sugar_cane":16,"minecraft:stick":1,"minecraft:raw_iron":4,"minecraft:polished_deepslate_slab":2,"minecraft:stone_brick_slab":1,"minecraft:acacia_log":2,"minecraft:sand":15,"minecraft:spruce_log":2,"minecraft:rotten_flesh":2,"born_in_chaos_v1:wood_splitter_axe":1,"minecraft:iron_block":1,"minecraft:painting":2,"minecraft:emerald":1,"minecraft:bread":1,"minecraft:oak_sapling":1,"minecraft:mutton":3,"minecraft:coal":37,"minecraft:cobblestone":14,"alexsmobs:flying_fish":3},"minecraft:mined":{"minecraft:stone_brick_slab":1,"minecraft:cobbled_deepslate_slab":2,"minecraft:rose_bush":1,"minecraft:campfire":7,"minecraft:tall_grass":2,"minecraft:sugar_cane":7,"minecraft:iron_ore":4,"farmersdelight:cutting_board":2,"minecraft:wheat":37,"minecraft:stone_brick_stairs":1,"minecraft:grass":4,"minecraft:oak_log":11,"minecraft:coal_ore":37,"minecraft:cobblestone_slab":1,"minecraft:polished_deepslate_slab":2,"minecraft:sand":15,"minecraft:cobweb":8,"minecraft:stone_bricks":5,"minecraft:stone":14,"minecraft:iron_block":1,"minecraft:oak_leaves":8},"minecraft:crafted":{"minecraft:oak_planks":40,"minecraft:crafting_table":1,"minecraft:spruce_planks":8,"minecraft:wooden_pickaxe":1,"minecraft:iron_sword":1,"minecraft:bread":21,"minecraft:air":0,"minecraft:glass":7,"toughasnails:water_purifier":1,"minecraft:iron_axe":1,"minecraft:stick":20,"quark:oak_chest":2,"minecraft:iron_ingot":9,"minecraft:iron_pickaxe":1,"minecraft:stone_pickaxe":1,"minecraft:iron_shovel":1,"minecraft:torch":36,"toughasnails:empty_canteen":2,"minecraft:wheat":153},"minecraft:killed":{"born_in_chaos_v1:zombie_lumberjack":1,"born_in_chaos_v1:decrepit_skeleton":1,"specialmobs:creeper":1,"minecraft:cow":4},"minecraft:used":{"minecraft:cooked_mutton":1,"minecraft:iron_shovel":16,"toughasnails:water_purifier":1,"minecraft:stone_pickaxe":24,"minecraft:wooden_pickaxe":17,"minecraft:iron_sword":28,"minecraft:cobblestone_slab":1,"toughasnails:water_canteen":10,"minecraft:torch":1,"farmersdelight:flint_knife":1,"minecraft:crafting_table":1,"toughasnails:empty_canteen":2,"minecraft:painting":2,"minecraft:bread":6,"minecraft:iron_pickaxe":29,"minecraft:stone_bricks":2,"farmersdelight:cutting_board":2,"toughasnails:purified_water_canteen":3,"born_in_chaos_v1:wood_splitter_axe":9,"alexsmobs:animal_dictionary":2,"quark:oak_chest":2}},"DataVersion":3465}