{"stats":{"minecraft:used":{"mcwlights:wall_lantern":1,"minecraft:oak_fence":365,"minecraft:quartz_bricks":73,"candlelight:sofa":1,"twilightforest:naga_trophy":1,"minecraft:netherite_sword":17,"minecraft:water_bucket":482,"create:deployer":1,"minecells:cell_crafter":2,"minecraft:tube_coral_fan":1,"twilightforest:lich_trophy":1,"create:brass_casing":14,"alexscaves:drain":3,"minecraft:armor_stand":12,"create:empty_blaze_burner":1,"minecraft:oak_planks":440,"alexscaves:amber_monolith":2,"minecraft:bubble_coral_fan":1,"minecraft:oak_sign":16,"convenientdecor:umbrella_stand":1,"farmersdelight:stove":1,"create:cuckoo_clock":10,"beautify:botanist_workbench":2,"minecraft:redstone_block":21,"create:nixie_tube":13,"minecraft:beacon":1,"minecraft:quartz_stairs":13,"realmrpg_skeletons:trident_skeleton":2,"bakery:breadbox":1,"minecraft:smooth_quartz_stairs":84,"securitycraft:keypad":1,"brewery:barrel_main":3,"minecraft:diamond_block":1,"minecells:cage":2,"minecraft:dirt":1,"twilightforest:cicada_jar":1,"create:encased_fan":3,"minecraft:oak_slab":285,"alexscaves:ambersol":1,"create:cogwheel":13,"realmrpg_skeletons:unsaved_skeleton":1,"alexscaves:scarlet_magnet":2,"minecraft:sponge":7,"minecraft:chiseled_quartz_block":85,"create:depot":1,"minecraft:salmon_bucket":4,"twilightforest:carminite_block":2,"alexscaves:siren_light":2,"alexscaves:waste_drum":1,"minecraft:redstone_torch":7,"minecraft:oak_log":188,"twilightforest:ur_ghast_trophy":1,"minecraft:glass":21,"sophisticatedbackpacks:backpack":1,"minecells:corpse":2,"create:display_link":6,"alexscaves:rusty_scaffolding":2,"cfm:oak_crate":1,"alexscaves:azure_neodymium_node":1,"create:mechanical_press":2,"minecraft:quartz_pillar":39,"minecraft:yellow_stained_glass":1,"minecraft:quartz_slab":18,"minecraft:oak_stairs":97,"twilightforest:knightmetal_block":1,"minecraft:iron_block":95,"minecraft:grass_block":1474,"alexscaves:enigmatic_engine":2,"minecells:kings_crest_flag":3,"twilightforest:minoshroom_trophy":1,"minecraft:quartz_block":196,"twilightforest:firefly_jar":1,"alexscaves:amber":1,"vinery:fermentation_barrel":2,"minecraft:spruce_trapdoor":28,"minecraft:smooth_quartz":460,"refurbished_furniture:light_electricity_generator":1,"quark:stripped_oak_post":9,"twilightforest:twilight_portal_miniature_structure":3,"twilightforest:fiery_block":4,"realmrpg_skeletons:swimmer_skeleton":8,"create:creative_motor":10,"twilightforest:naga_courtyard_miniature_structure":3,"create:andesite_funnel":1,"create:basin":1,"alexscaves:spelunkery_table":1,"alexscaves:scarlet_neodymium_node":1,"immersive_weathering:weeds":1,"minecraft:redstone_lamp":19,"minecraft:glowstone":16,"bakery:cake_display":2,"minecraft:pufferfish_bucket":5,"beachparty:table":2,"create:shaft":19,"alexscaves:azure_magnet":2,"alexscaves:nuclear_furnace_component":3,"twilightforest:keepsake_casket":2,"vinery:grapevine_pot":3,"minecraft:bucket":6,"naturalist:teddy_bear":1,"minecells:rotting_corpse":1,"twilightforest:knightmetal_helmet":1,"minecraft:sea_pickle":63,"create:display_board":10,"minecraft:stripped_oak_log":119,"minecraft:tropical_fish_bucket":30,"create:vertical_gearbox":6,"minecraft:kelp":39,"twilightforest:lich_tower_miniature_structure":3,"minecraft:seagrass":111,"create:belt_connector":4,"vinery:apple_press":2,"create:large_cogwheel":4},"minecraft:custom":{"minecraft:mob_kills":2,"minecraft:leave_game":3,"minecraft:time_since_death":232130,"minecraft:time_since_rest":232160,"minecraft:sprint_one_cm":90842,"minecraft:walk_one_cm":413501,"minecraft:drop":1,"minecraft:damage_dealt":958,"minecraft:interact_with_beacon":1,"minecraft:swim_one_cm":346,"minecraft:fly_one_cm":999753,"minecraft:crouch_one_cm":781,"minecraft:play_time":278630,"minecraft:deaths":2,"minecraft:sneak_time":2502,"minecraft:walk_under_water_one_cm":1032,"minecraft:jump":366,"minecraft:walk_on_water_one_cm":90382,"minecraft:total_world_time":278630},"minecraft:picked_up":{"minecraft:chainmail_boots":1,"minecraft:oak_log":1,"minecraft:chainmail_chestplate":1,"minecells:cage":1,"minecraft:bone":1,"minecraft:bow":1,"minecraft:wheat_seeds":13,"minecraft:cooked_chicken":7,"neapolitan:banana_bread":1,"brewery:barrel_main":1,"minecraft:carrot":1,"minecraft:arrow":46,"minecraft:chainmail_leggings":1,"supplementaries:ash":1},"minecraft:dropped":{"minecraft:oak_log":1},"minecraft:killed":{"alexsmobs:rhinoceros":1,"recruits:bowman":1}},"DataVersion":3465}