{"stats":{"minecraft:used":{"mcwlights:wall_lantern":1,"minecraft:oak_log":127,"minecraft:oak_fence":119,"minecraft:quartz_bricks":26,"minecraft:smooth_quartz_stairs":82,"minecraft:water_bucket":41,"minecraft:diamond_block":1,"minecraft:quartz_pillar":5,"minecraft:grass_block":619,"minecraft:oak_slab":285,"minecraft:quartz_slab":18,"minecraft:yellow_stained_glass":1,"minecraft:iron_block":90,"minecraft:oak_stairs":79,"minecraft:oak_planks":267,"minecraft:bucket":1,"minecraft:sponge":7,"minecraft:chiseled_quartz_block":17,"minecraft:stripped_oak_log":117,"minecraft:spruce_trapdoor":21,"minecraft:smooth_quartz":457,"quark:stripped_oak_post":9,"minecraft:beacon":1},"minecraft:picked_up":{"minecraft:wheat_seeds":13,"minecraft:oak_log":1},"minecraft:custom":{"minecraft:time_since_rest":93568,"minecraft:crouch_one_cm":457,"minecraft:play_time":140038,"minecraft:sprint_one_cm":14657,"minecraft:walk_one_cm":109259,"minecraft:deaths":2,"minecraft:sneak_time":1561,"minecraft:walk_under_water_one_cm":31,"minecraft:drop":1,"minecraft:jump":104,"minecraft:leave_game":2,"minecraft:walk_on_water_one_cm":11776,"minecraft:time_since_death":93538,"minecraft:interact_with_beacon":1,"minecraft:total_world_time":140038,"minecraft:fly_one_cm":597293},"minecraft:dropped":{"minecraft:oak_log":1}},"DataVersion":3465}