{"stats":{"minecraft:killed_by":{"specialmobs:skeleton":3,"specialmobs:fireskeleton":1},"minecraft:dropped":{"toughasnails:water_canteen":1,"minecraft:wheat_seeds":6,"minecraft:emerald":1,"minecraft:rose_bush":2,"gravestone:obituary":2,"minecraft:leather_leggings":2},"minecraft:custom":{"minecraft:interact_with_smithing_table":1,"lootr:looted_stat":30,"minecraft:mob_kills":18,"minecraft:interact_with_crafting_table":19,"minecraft:open_barrel":6,"minecraft:leave_game":4,"minecraft:time_since_death":4022,"minecraft:climb_one_cm":3905,"minecraft:sprint_one_cm":474074,"minecraft:walk_one_cm":433597,"minecraft:drop":10,"minecraft:talked_to_villager":2,"minecraft:play_time":184906,"minecraft:sneak_time":307,"minecraft:deaths":4,"minecraft:jump":1628,"minecraft:walk_on_water_one_cm":120,"minecraft:total_world_time":184906,"minecraft:interact_with_furnace":10,"minecraft:sleep_in_bed":6,"minecraft:time_since_rest":4082,"minecraft:damage_taken":2480,"minecraft:damage_dealt":3033,"minecraft:fly_one_cm":1159645,"minecraft:open_chest":82,"minecraft:crouch_one_cm":165,"minecraft:fall_one_cm":36656},"minecraft:picked_up":{"minecraft:cocoa_beans":1,"minecraft:charcoal":16,"minecraft:iron_chestplate":1,"minecraft:wheat":35,"minecraft:chicken":3,"minecraft:flower_pot":2,"minecraft:leather_leggings":1,"minecraft:smithing_table":1,"minecraft:stone_brick_stairs":1,"minecraft:brewing_stand":1,"farmersdelight:cutting_board":3,"minecraft:string":14,"minecraft:dark_oak_trapdoor":6,"minecraft:raw_copper":42,"minecraft:iron_leggings":1,"minecraft:item_frame":2,"minecraft:armor_stand":1,"minecraft:cracked_stone_bricks":1,"minecraft:beef":13,"minecraft:rose_bush":2,"minecraft:cobblestone_slab":1,"minecraft:sugar_cane":16,"minecraft:quartz_stairs":1,"minecraft:chest":2,"farmersdelight:cabbage_seeds":1,"minecraft:iron_boots":1,"minecraft:furnace":2,"minecraft:stick":1,"minecraft:raw_iron":6,"minecraft:polished_deepslate_slab":2,"minecraft:torch":1,"minecraft:acacia_log":2,"magistuarmory:rustedkettlehat":1,"supplementaries:flax":1,"minecraft:stone_pressure_plate":1,"minecraft:arrow":4,"minecraft:rotten_flesh":4,"born_in_chaos_v1:wood_splitter_axe":1,"minecraft:iron_block":1,"minecraft:gold_ingot":10,"minecraft:mutton":3,"minecraft:iron_bars":10,"minecraft:cod":4,"alexsmobs:flying_fish":3,"minecraft:cobblestone":23,"minecraft:salmon":1,"minecraft:leather":6,"minecraft:smoker":1,"create:raw_zinc":11,"minecraft:oak_log":61,"supplementaries:flax_seeds":2,"minecraft:yellow_bed":1,"farmersdelight:flint_knife":1,"minecraft:dirt":1,"minecraft:lantern":5,"farmersdelight:mutton_chops":2,"minecraft:cooked_mutton":1,"minecraft:bone":3,"minecraft:stone_bricks":4,"minecraft:wheat_seeds":95,"minecraft:cobbled_deepslate_slab":2,"minecraft:iron_ingot":1,"minecraft:acacia_sapling":1,"beautify:hanging_pot":1,"minecraft:book":51,"minecraft:oak_slab":1,"minecraft:stone_brick_slab":1,"minecraft:sand":15,"minecraft:white_bed":2,"minecraft:spruce_log":2,"quark:oak_chest":2,"toughasnails:water_purifier":2,"minecraft:lever":1,"minecraft:iron_helmet":1,"minecraft:painting":2,"minecraft:chainmail_helmet":1,"minecraft:bread":1,"minecraft:emerald":2,"minecraft:oak_sapling":1,"minecraft:melon_seeds":2,"minecraft:coal":71},"minecraft:mined":{"create:zinc_ore":11,"minecraft:white_bed":2,"minecraft:quartz_stairs":1,"minecraft:brewing_stand":1,"minecraft:lever":1,"gravestone:gravestone":3,"minecraft:cobbled_deepslate_slab":2,"minecraft:grass_block":1,"minecraft:large_fern":1,"minecraft:furnace":2,"minecraft:dark_oak_trapdoor":6,"minecraft:iron_ore":6,"supplementaries:flax":1,"quark:potted_cocoa_bean":1,"minecraft:bookshelf":17,"minecraft:polished_deepslate_slab":2,"minecraft:cobblestone_slab":1,"amendments:wall_lantern":1,"minecraft:iron_bars":10,"minecraft:lantern":4,"immersive_weathering:ivy":3,"lucky:lucky_block":3,"minecraft:stone":23,"minecraft:iron_block":1,"minecraft:smithing_table":1,"minecraft:oak_slab":1,"minecraft:melon_stem":1,"quark:oak_chest":2,"toughasnails:water_purifier":2,"minecraft:smoker":1,"minecraft:stone_brick_slab":1,"beautify:hanging_pot":1,"minecraft:chest":2,"minecraft:rose_bush":1,"minecraft:campfire":8,"farmersdelight:cabbages":1,"denseores:dense_coal_ore":3,"minecraft:copper_ore":10,"minecraft:tall_grass":12,"minecraft:potted_acacia_sapling":1,"minecraft:sugar_cane":7,"minecraft:wall_torch":1,"farmersdelight:cutting_board":3,"minecraft:wheat":37,"minecraft:yellow_bed":1,"minecraft:stone_brick_stairs":1,"minecraft:grass":8,"minecraft:coal_ore":37,"minecraft:oak_log":62,"minecraft:sand":15,"minecraft:cobweb":12,"minecraft:cracked_stone_bricks":1,"minecraft:stone_bricks":5,"minecraft:oak_leaves":9,"minecraft:fern":1},"minecraft:crafted":{"minecraft:oak_planks":144,"minecraft:glass":7,"minecraft:iron_axe":1,"minecraft:stone_pickaxe":1,"minecraft:chest":1,"minecraft:wheat":153,"sophisticatedbackpacks:iron_backpack":1,"sophisticatedbackpacks:backpack":1,"minecraft:cauldron":1,"minecraft:crafting_table":3,"minecraft:spruce_planks":8,"minecraft:wooden_pickaxe":1,"minecraft:iron_sword":1,"sophisticatedbackpacks:gold_backpack":1,"minecraft:bread":21,"minecraft:air":0,"toughasnails:water_purifier":1,"minecraft:shield":1,"minecraft:stick":36,"quark:oak_chest":2,"minecraft:iron_ingot":15,"minecraft:iron_pickaxe":1,"minecraft:iron_shovel":1,"minecraft:acacia_planks":8,"minecraft:torch":36,"toughasnails:empty_canteen":2},"minecraft:killed":{"born_in_chaos_v1:zombie_lumberjack":1,"specialmobs:skeleton":1,"specialmobs:zombie":2,"specialmobs:fishingzombie":1,"specialmobs:watercavespider":1,"born_in_chaos_v1:decrepit_skeleton":1,"specialmobs:creeper":1,"specialmobs:spider":1,"takesapillage:archer":1,"specialmobs:cavespider":1,"specialmobs:brutezombie":1,"minecraft:cow":5},"minecraft:broken":{"toughasnails:water_canteen":1},"minecraft:used":{"minecraft:iron_bars":3,"minecraft:iron_shovel":16,"toughasnails:water_purifier":3,"minecraft:armor_stand":1,"minecraft:chest":2,"minecraft:iron_sword":87,"minecraft:torch":49,"farmersdelight:flint_knife":1,"toughasnails:empty_canteen":2,"minecraft:lantern":2,"minecraft:stone_bricks":2,"farmersdelight:cutting_board":3,"minecraft:furnace":1,"minecraft:cooked_mutton":1,"minecraft:glass_bottle":7,"minecraft:stone_pickaxe":24,"minecraft:wooden_pickaxe":17,"beautify:hanging_pot":2,"minecraft:cauldron":1,"minecraft:cobblestone_slab":1,"toughasnails:water_canteen":20,"minecraft:dark_oak_trapdoor":3,"minecraft:crafting_table":2,"minecraft:painting":2,"minecraft:smoker":1,"minecraft:bread":21,"minecraft:iron_pickaxe":98,"minecraft:potion":5,"minecraft:smithing_table":1,"toughasnails:purified_water_canteen":9,"born_in_chaos_v1:wood_splitter_axe":104,"quark:oak_chest":4,"alexsmobs:animal_dictionary":2}},"DataVersion":3465}