{"stats":{"minecraft:dropped":{"toughasnails:water_canteen":1,"minecraft:rose_bush":2},"minecraft:custom":{"lootr:looted_stat":8,"minecraft:interact_with_furnace":7,"minecraft:mob_kills":7,"minecraft:interact_with_crafting_table":11,"minecraft:open_barrel":1,"minecraft:leave_game":4,"minecraft:time_since_death":94906,"minecraft:sleep_in_bed":3,"minecraft:climb_one_cm":752,"minecraft:time_since_rest":5360,"minecraft:sprint_one_cm":149958,"minecraft:damage_taken":160,"minecraft:walk_one_cm":216302,"minecraft:drop":3,"minecraft:damage_dealt":1115,"minecraft:fly_one_cm":898988,"minecraft:open_chest":14,"minecraft:crouch_one_cm":78,"minecraft:play_time":94906,"minecraft:sneak_time":183,"minecraft:jump":551,"minecraft:walk_on_water_one_cm":120,"minecraft:total_world_time":94906,"minecraft:fall_one_cm":10593},"minecraft:picked_up":{"minecraft:charcoal":2,"minecraft:wheat":35,"minecraft:leather":3,"minecraft:stone_brick_stairs":1,"minecraft:oak_log":10,"farmersdelight:cutting_board":2,"farmersdelight:flint_knife":1,"farmersdelight:mutton_chops":2,"minecraft:cooked_mutton":1,"minecraft:item_frame":2,"minecraft:bone":1,"minecraft:wheat_seeds":89,"minecraft:cobbled_deepslate_slab":2,"minecraft:iron_ingot":1,"minecraft:beef":5,"minecraft:rose_bush":2,"minecraft:sugar_cane":16,"minecraft:stick":1,"minecraft:raw_iron":4,"minecraft:polished_deepslate_slab":2,"minecraft:stone_brick_slab":1,"minecraft:acacia_log":2,"minecraft:sand":15,"minecraft:spruce_log":2,"minecraft:rotten_flesh":2,"born_in_chaos_v1:wood_splitter_axe":1,"minecraft:iron_block":1,"minecraft:painting":2,"minecraft:emerald":1,"minecraft:bread":1,"minecraft:mutton":1,"minecraft:coal":37,"minecraft:cobblestone":14,"alexsmobs:flying_fish":3},"minecraft:mined":{"minecraft:stone_brick_slab":1,"minecraft:cobbled_deepslate_slab":2,"minecraft:rose_bush":1,"minecraft:campfire":1,"minecraft:tall_grass":2,"minecraft:sugar_cane":7,"minecraft:iron_ore":4,"farmersdelight:cutting_board":2,"minecraft:wheat":37,"minecraft:stone_brick_stairs":1,"minecraft:grass":4,"minecraft:oak_log":11,"minecraft:coal_ore":37,"minecraft:polished_deepslate_slab":2,"minecraft:sand":15,"minecraft:stone":14,"minecraft:iron_block":1,"minecraft:oak_leaves":4},"minecraft:crafted":{"minecraft:oak_planks":40,"minecraft:crafting_table":1,"minecraft:spruce_planks":8,"minecraft:wooden_pickaxe":1,"minecraft:iron_sword":1,"minecraft:bread":21,"minecraft:air":0,"minecraft:glass":7,"toughasnails:water_purifier":1,"minecraft:iron_axe":1,"minecraft:stick":20,"quark:oak_chest":2,"minecraft:iron_ingot":9,"minecraft:iron_pickaxe":1,"minecraft:stone_pickaxe":1,"minecraft:iron_shovel":1,"minecraft:torch":36,"toughasnails:empty_canteen":2,"minecraft:wheat":153},"minecraft:killed":{"born_in_chaos_v1:zombie_lumberjack":1,"born_in_chaos_v1:decrepit_skeleton":1,"specialmobs:creeper":1,"minecraft:cow":3},"minecraft:used":{"minecraft:cooked_mutton":1,"minecraft:iron_shovel":16,"toughasnails:water_purifier":1,"minecraft:stone_pickaxe":24,"minecraft:wooden_pickaxe":17,"minecraft:iron_sword":18,"toughasnails:water_canteen":9,"minecraft:torch":1,"farmersdelight:flint_knife":1,"minecraft:crafting_table":1,"toughasnails:empty_canteen":2,"minecraft:painting":2,"minecraft:bread":4,"minecraft:iron_pickaxe":23,"farmersdelight:cutting_board":2,"born_in_chaos_v1:wood_splitter_axe":3,"alexsmobs:animal_dictionary":2,"quark:oak_chest":2}},"DataVersion":3465}