{"stats":{"minecraft:custom":{"minecraft:time_since_rest":1860,"lootr:looted_stat":1,"minecraft:sprint_one_cm":70145,"minecraft:interact_with_furnace":1,"minecraft:play_time":58906,"minecraft:damage_taken":10,"minecraft:walk_one_cm":79110,"minecraft:sneak_time":153,"minecraft:jump":158,"minecraft:time_since_death":58906,"minecraft:leave_game":4,"minecraft:sleep_in_bed":1,"minecraft:total_world_time":58906,"minecraft:climb_one_cm":752,"minecraft:interact_with_crafting_table":1,"minecraft:fall_one_cm":3704,"minecraft:fly_one_cm":822138},"minecraft:picked_up":{"minecraft:cooked_mutton":1,"minecraft:item_frame":2,"minecraft:wheat_seeds":1,"minecraft:painting":2,"minecraft:oak_log":10,"minecraft:bread":1,"minecraft:mutton":1,"farmersdelight:cutting_board":1,"farmersdelight:flint_knife":1,"alexsmobs:flying_fish":1},"minecraft:mined":{"minecraft:oak_log":11,"farmersdelight:cutting_board":1,"minecraft:tall_grass":2,"minecraft:oak_leaves":3},"minecraft:crafted":{"minecraft:oak_planks":40,"minecraft:crafting_table":1,"minecraft:stick":8,"minecraft:wooden_pickaxe":1},"minecraft:used":{"minecraft:cooked_mutton":1,"minecraft:bread":1,"alexsmobs:animal_dictionary":1,"minecraft:painting":2}},"DataVersion":3465}