{"stats":{"minecraft:killed_by":{"specialmobs:skeleton":2},"minecraft:dropped":{"toughasnails:water_canteen":1,"minecraft:wheat_seeds":6,"minecraft:emerald":1,"minecraft:rose_bush":2,"gravestone:obituary":1,"minecraft:leather_leggings":2},"minecraft:custom":{"lootr:looted_stat":20,"minecraft:mob_kills":10,"minecraft:interact_with_crafting_table":17,"minecraft:open_barrel":6,"minecraft:leave_game":4,"minecraft:time_since_death":35768,"minecraft:climb_one_cm":3905,"minecraft:sprint_one_cm":322068,"minecraft:walk_one_cm":341455,"minecraft:drop":9,"minecraft:play_time":154906,"minecraft:sneak_time":307,"minecraft:deaths":2,"minecraft:jump":1301,"minecraft:walk_on_water_one_cm":120,"minecraft:total_world_time":154906,"minecraft:interact_with_furnace":9,"minecraft:sleep_in_bed":5,"minecraft:time_since_rest":35797,"minecraft:damage_taken":1422,"minecraft:damage_dealt":1342,"minecraft:fly_one_cm":1082693,"minecraft:open_chest":62,"minecraft:crouch_one_cm":165,"minecraft:fall_one_cm":30696},"minecraft:picked_up":{"minecraft:charcoal":16,"minecraft:iron_chestplate":1,"minecraft:wheat":35,"minecraft:chicken":3,"minecraft:leather_leggings":1,"minecraft:smithing_table":1,"minecraft:stone_brick_stairs":1,"farmersdelight:cutting_board":3,"minecraft:string":9,"minecraft:dark_oak_trapdoor":6,"minecraft:iron_leggings":1,"minecraft:item_frame":2,"minecraft:armor_stand":1,"minecraft:beef":13,"minecraft:rose_bush":2,"minecraft:cobblestone_slab":1,"minecraft:sugar_cane":16,"minecraft:quartz_stairs":1,"minecraft:chest":2,"minecraft:iron_boots":1,"minecraft:furnace":2,"minecraft:stick":1,"minecraft:raw_iron":4,"minecraft:polished_deepslate_slab":2,"minecraft:acacia_log":2,"minecraft:stone_pressure_plate":1,"minecraft:arrow":3,"minecraft:rotten_flesh":2,"born_in_chaos_v1:wood_splitter_axe":1,"minecraft:iron_block":1,"minecraft:gold_ingot":10,"minecraft:mutton":3,"alexsmobs:flying_fish":3,"minecraft:cobblestone":14,"minecraft:leather":6,"minecraft:smoker":1,"minecraft:oak_log":61,"minecraft:yellow_bed":1,"farmersdelight:flint_knife":1,"minecraft:dirt":1,"minecraft:lantern":5,"farmersdelight:mutton_chops":2,"minecraft:cooked_mutton":1,"minecraft:bone":3,"minecraft:stone_bricks":4,"minecraft:wheat_seeds":95,"minecraft:cobbled_deepslate_slab":2,"minecraft:iron_ingot":1,"beautify:hanging_pot":1,"minecraft:book":45,"minecraft:oak_slab":1,"minecraft:stone_brick_slab":1,"minecraft:sand":15,"minecraft:spruce_log":2,"quark:oak_chest":2,"toughasnails:water_purifier":2,"minecraft:lever":1,"minecraft:iron_helmet":1,"minecraft:painting":2,"minecraft:bread":1,"minecraft:emerald":2,"minecraft:oak_sapling":1,"minecraft:coal":63},"minecraft:mined":{"minecraft:quartz_stairs":1,"minecraft:lever":1,"gravestone:gravestone":1,"minecraft:cobbled_deepslate_slab":2,"minecraft:grass_block":1,"minecraft:large_fern":1,"minecraft:furnace":2,"minecraft:dark_oak_trapdoor":6,"minecraft:iron_ore":4,"minecraft:bookshelf":15,"minecraft:polished_deepslate_slab":2,"minecraft:cobblestone_slab":1,"amendments:wall_lantern":1,"minecraft:lantern":4,"immersive_weathering:ivy":3,"lucky:lucky_block":3,"minecraft:stone":14,"minecraft:iron_block":1,"minecraft:smithing_table":1,"minecraft:oak_slab":1,"quark:oak_chest":2,"toughasnails:water_purifier":2,"minecraft:smoker":1,"minecraft:stone_brick_slab":1,"beautify:hanging_pot":1,"minecraft:chest":2,"minecraft:rose_bush":1,"minecraft:campfire":8,"minecraft:tall_grass":11,"minecraft:sugar_cane":7,"farmersdelight:cutting_board":3,"minecraft:wheat":37,"minecraft:yellow_bed":1,"minecraft:stone_brick_stairs":1,"minecraft:grass":8,"minecraft:coal_ore":37,"minecraft:oak_log":62,"minecraft:sand":15,"minecraft:cobweb":9,"minecraft:stone_bricks":5,"minecraft:oak_leaves":9,"minecraft:fern":1},"minecraft:crafted":{"minecraft:oak_planks":40,"minecraft:glass":7,"minecraft:iron_axe":1,"minecraft:stone_pickaxe":1,"minecraft:chest":1,"minecraft:wheat":153,"sophisticatedbackpacks:iron_backpack":1,"sophisticatedbackpacks:backpack":1,"minecraft:crafting_table":1,"minecraft:spruce_planks":8,"minecraft:wooden_pickaxe":1,"minecraft:iron_sword":1,"minecraft:bread":21,"minecraft:air":0,"toughasnails:water_purifier":1,"minecraft:shield":1,"minecraft:stick":20,"quark:oak_chest":2,"minecraft:iron_ingot":15,"minecraft:iron_pickaxe":1,"minecraft:iron_shovel":1,"minecraft:acacia_planks":8,"minecraft:torch":36,"toughasnails:empty_canteen":2},"minecraft:killed":{"born_in_chaos_v1:zombie_lumberjack":1,"born_in_chaos_v1:decrepit_skeleton":1,"specialmobs:creeper":1,"takesapillage:archer":1,"minecraft:cow":5},"minecraft:used":{"minecraft:iron_shovel":16,"toughasnails:water_purifier":3,"minecraft:armor_stand":1,"minecraft:chest":2,"minecraft:iron_sword":39,"minecraft:torch":3,"farmersdelight:flint_knife":1,"toughasnails:empty_canteen":2,"minecraft:lantern":2,"minecraft:stone_bricks":2,"farmersdelight:cutting_board":3,"minecraft:furnace":1,"minecraft:cooked_mutton":1,"minecraft:stone_pickaxe":24,"minecraft:wooden_pickaxe":17,"beautify:hanging_pot":2,"minecraft:cobblestone_slab":1,"toughasnails:water_canteen":14,"minecraft:crafting_table":1,"minecraft:painting":2,"minecraft:smoker":1,"minecraft:bread":12,"minecraft:iron_pickaxe":46,"minecraft:smithing_table":1,"toughasnails:purified_water_canteen":4,"born_in_chaos_v1:wood_splitter_axe":102,"quark:oak_chest":4,"alexsmobs:animal_dictionary":2}},"DataVersion":3465}