{"stats":{"minecraft:dropped":{"minecraft:rose_bush":2},"minecraft:custom":{"minecraft:time_since_rest":13860,"minecraft:interact_with_furnace":1,"minecraft:sprint_one_cm":89593,"lootr:looted_stat":3,"minecraft:damage_taken":110,"minecraft:walk_one_cm":133616,"minecraft:drop":2,"minecraft:interact_with_crafting_table":4,"minecraft:fly_one_cm":845680,"minecraft:open_barrel":1,"minecraft:open_chest":2,"minecraft:play_time":70906,"minecraft:sneak_time":153,"minecraft:jump":274,"minecraft:leave_game":4,"minecraft:walk_on_water_one_cm":120,"minecraft:time_since_death":70906,"minecraft:sleep_in_bed":1,"minecraft:climb_one_cm":752,"minecraft:total_world_time":70906,"minecraft:fall_one_cm":5434},"minecraft:picked_up":{"minecraft:wheat":35,"minecraft:polished_deepslate_slab":2,"minecraft:stone_brick_slab":1,"minecraft:oak_log":10,"farmersdelight:flint_knife":1,"farmersdelight:cutting_board":1,"minecraft:cooked_mutton":1,"minecraft:item_frame":2,"minecraft:wheat_seeds":89,"minecraft:cobbled_deepslate_slab":2,"minecraft:iron_block":1,"minecraft:painting":2,"minecraft:rose_bush":2,"minecraft:bread":1,"minecraft:sugar_cane":16,"minecraft:mutton":1,"minecraft:coal":21,"alexsmobs:flying_fish":1,"minecraft:cobblestone":12},"minecraft:mined":{"farmersdelight:cutting_board":1,"minecraft:wheat":37,"minecraft:stone_brick_slab":1,"minecraft:cobbled_deepslate_slab":2,"minecraft:grass":4,"minecraft:coal_ore":21,"minecraft:oak_log":11,"minecraft:polished_deepslate_slab":2,"minecraft:rose_bush":1,"minecraft:tall_grass":2,"minecraft:iron_block":1,"minecraft:sugar_cane":7,"minecraft:stone":12,"minecraft:oak_leaves":3},"minecraft:crafted":{"minecraft:oak_planks":40,"minecraft:crafting_table":1,"minecraft:stick":8,"quark:oak_chest":1,"minecraft:wooden_pickaxe":1,"minecraft:stone_pickaxe":1,"minecraft:bread":21,"minecraft:wheat":153},"minecraft:used":{"minecraft:cooked_mutton":1,"minecraft:bread":2,"minecraft:stone_pickaxe":24,"minecraft:wooden_pickaxe":17,"minecraft:crafting_table":1,"quark:oak_chest":1,"alexsmobs:animal_dictionary":2,"minecraft:painting":2}},"DataVersion":3465}