{"stats":{"minecraft:dropped":{"candlelight:cooking_hat":1,"candlelight:chefs_jacket":1,"convenientdecor:lime_umbrella":1,"immersive_melodies:lute":1,"wardrobe:soul_lantern_on_a_stick":1,"candlelight:chefs_pants":1},"minecraft:custom":{"minecraft:time_since_rest":38204,"minecraft:sprint_one_cm":8874,"minecraft:walk_one_cm":79314,"minecraft:drop":6,"minecraft:damage_dealt":60,"minecraft:talked_to_villager":2,"minecraft:fly_one_cm":56463,"minecraft:crouch_one_cm":32,"minecraft:play_time":38204,"minecraft:sneak_time":133,"minecraft:jump":35,"minecraft:eat_cake_slice":2,"minecraft:leave_game":1,"minecraft:time_since_death":38204,"minecraft:total_world_time":38204},"minecraft:used":{"bakery:wall_cabinet":3,"hamsters:hamster_spawn_egg":1,"beachparty:beach_chair":1,"minecraft:villager_spawn_egg":2,"candlelight:dark_oak_chair":8,"candlelight:dark_oak_table":2,"minecraft:polished_andesite":1,"bakery:bread_crate":1,"minecraft:spruce_planks":2,"vinery:spruce_wine_rack_big":1,"minecraft:cat_spawn_egg":1,"minecraft:stone_bricks":1,"beachparty:hammock":1,"creeperoverhaul:ocean_creeper_spawn_egg":2,"bakery:tray":1,"brewery:beer_haley":2,"creeperoverhaul:beach_creeper_spawn_egg":1,"bakery:chocolate_box":1,"bakery:brick_counter":1,"bakery:brick_stove":1,"minecraft:andesite":2,"naturalist:teddy_bear":2,"bakery:kitchen_sink":1,"bakery:drawer":4,"bakery:baker_station":3,"bakery:crafting_bowl":2,"hamsters:hamster":1,"beachparty:deck_chair":2,"creeperoverhaul:snowy_creeper_spawn_egg":1,"bakery:cabinet":1,"bakery:wandering_baker_spawn_egg":1,"hamsters:hamster_wheel":7},"minecraft:picked_up":{"minecraft:nautilus_shell":2,"minecraft:tropical_fish_bucket":5,"minecraft:salmon":2,"minecraft:brown_mushroom":22,"minecraft:bowl":2,"minecraft:dandelion":11,"minecraft:red_mushroom":13,"wardrobe:soul_lantern_on_a_stick":1,"vinery:chorus_wine":1,"minecraft:paper":1,"minecraft:lantern":1,"minecraft:slime_ball":3,"minecraft:kelp":16,"neapolitan:mint_candies":1,"minecraft:blue_ice":6,"neapolitan:cooked_mint_chops":2,"minecraft:cod":1}},"DataVersion":3465}