{"stats":{"minecraft:custom":{"minecraft:time_since_rest":110779,"minecraft:sprint_one_cm":36654,"minecraft:walk_one_cm":165432,"minecraft:drop":1,"minecraft:damage_dealt":20,"minecraft:interact_with_beacon":1,"minecraft:fly_one_cm":644951,"minecraft:crouch_one_cm":457,"minecraft:play_time":157249,"minecraft:deaths":2,"minecraft:sneak_time":1577,"minecraft:walk_under_water_one_cm":31,"minecraft:jump":158,"minecraft:leave_game":2,"minecraft:time_since_death":110749,"minecraft:walk_on_water_one_cm":11776,"minecraft:total_world_time":157249},"minecraft:picked_up":{"minecraft:oak_log":1,"minecraft:wheat_seeds":13},"minecraft:dropped":{"minecraft:oak_log":1},"minecraft:used":{"minecraft:redstone_torch":7,"minecraft:quartz_bricks":73,"minecraft:oak_log":127,"minecraft:oak_fence":119,"mcwlights:wall_lantern":1,"minecraft:glass":19,"minecraft:water_bucket":41,"minecraft:quartz_pillar":39,"minecraft:quartz_slab":18,"minecraft:yellow_stained_glass":1,"minecraft:iron_block":90,"minecraft:grass_block":619,"minecraft:oak_stairs":79,"minecraft:oak_sign":16,"minecraft:oak_planks":267,"minecraft:quartz_block":196,"minecraft:spruce_trapdoor":21,"minecraft:redstone_block":21,"minecraft:smooth_quartz":459,"quark:stripped_oak_post":9,"minecraft:beacon":1,"minecraft:quartz_stairs":13,"minecraft:smooth_quartz_stairs":84,"minecraft:diamond_block":1,"minecraft:redstone_lamp":19,"minecraft:oak_slab":285,"minecraft:bucket":1,"minecraft:sponge":7,"minecraft:chiseled_quartz_block":85,"minecraft:stripped_oak_log":117}},"DataVersion":3465}