{"stats":{"minecraft:dropped":{"minecraft:rose_bush":2},"minecraft:custom":{"minecraft:time_since_rest":10540,"minecraft:interact_with_furnace":3,"minecraft:sprint_one_cm":105266,"lootr:looted_stat":3,"minecraft:damage_taken":130,"minecraft:walk_one_cm":167993,"minecraft:mob_kills":2,"minecraft:drop":2,"minecraft:damage_dealt":200,"minecraft:interact_with_crafting_table":8,"minecraft:fly_one_cm":853800,"minecraft:open_barrel":1,"minecraft:open_chest":12,"minecraft:play_time":82906,"minecraft:sneak_time":164,"minecraft:jump":331,"minecraft:leave_game":4,"minecraft:walk_on_water_one_cm":120,"minecraft:time_since_death":82906,"minecraft:sleep_in_bed":2,"minecraft:climb_one_cm":752,"minecraft:total_world_time":82906,"minecraft:fall_one_cm":6537},"minecraft:picked_up":{"minecraft:wheat":35,"minecraft:polished_deepslate_slab":2,"minecraft:leather":2,"minecraft:stone_brick_slab":1,"minecraft:oak_log":10,"farmersdelight:flint_knife":1,"farmersdelight:cutting_board":2,"farmersdelight:mutton_chops":2,"minecraft:cooked_mutton":1,"minecraft:item_frame":2,"minecraft:wheat_seeds":89,"minecraft:beef":3,"minecraft:cobbled_deepslate_slab":2,"minecraft:iron_block":1,"minecraft:painting":2,"minecraft:rose_bush":2,"minecraft:bread":1,"minecraft:sugar_cane":16,"minecraft:mutton":1,"minecraft:coal":32,"alexsmobs:flying_fish":2,"minecraft:cobblestone":12},"minecraft:mined":{"farmersdelight:cutting_board":2,"minecraft:wheat":37,"minecraft:stone_brick_slab":1,"minecraft:cobbled_deepslate_slab":2,"minecraft:grass":4,"minecraft:coal_ore":33,"minecraft:oak_log":11,"minecraft:polished_deepslate_slab":2,"minecraft:rose_bush":1,"minecraft:tall_grass":2,"minecraft:iron_block":1,"minecraft:sugar_cane":7,"minecraft:stone":12,"minecraft:oak_leaves":3},"minecraft:crafted":{"minecraft:oak_planks":40,"minecraft:iron_axe":1,"minecraft:crafting_table":1,"minecraft:stick":20,"quark:oak_chest":2,"minecraft:iron_ingot":9,"minecraft:wooden_pickaxe":1,"minecraft:iron_pickaxe":1,"minecraft:stone_pickaxe":1,"minecraft:iron_sword":1,"minecraft:iron_shovel":1,"minecraft:torch":36,"toughasnails:empty_canteen":1,"minecraft:bread":21,"minecraft:wheat":153},"minecraft:killed":{"minecraft:cow":2},"minecraft:used":{"minecraft:cooked_mutton":1,"minecraft:bread":2,"minecraft:stone_pickaxe":24,"minecraft:iron_pickaxe":12,"minecraft:wooden_pickaxe":17,"minecraft:iron_sword":4,"toughasnails:water_canteen":5,"farmersdelight:cutting_board":2,"farmersdelight:flint_knife":1,"minecraft:crafting_table":1,"toughasnails:empty_canteen":1,"quark:oak_chest":2,"alexsmobs:animal_dictionary":2,"minecraft:painting":2}},"DataVersion":3465}