{"stats":{"minecraft:custom":{"minecraft:leave_game":2,"minecraft:time_since_death":170749,"minecraft:time_since_rest":170779,"minecraft:sprint_one_cm":44336,"minecraft:walk_one_cm":249296,"minecraft:drop":1,"minecraft:damage_dealt":20,"minecraft:interact_with_beacon":1,"minecraft:fly_one_cm":671185,"minecraft:crouch_one_cm":467,"minecraft:play_time":217249,"minecraft:deaths":2,"minecraft:sneak_time":1791,"minecraft:walk_under_water_one_cm":31,"minecraft:jump":196,"minecraft:walk_on_water_one_cm":12919,"minecraft:total_world_time":217249},"minecraft:picked_up":{"minecraft:oak_log":1,"minecells:cage":1,"minecraft:wheat_seeds":13,"brewery:barrel_main":1,"supplementaries:ash":1},"minecraft:dropped":{"minecraft:oak_log":1},"minecraft:used":{"candlelight:sofa":1,"minecraft:oak_fence":119,"minecraft:quartz_bricks":73,"mcwlights:wall_lantern":1,"twilightforest:naga_trophy":1,"minecraft:water_bucket":43,"create:deployer":1,"minecells:cell_crafter":2,"create:brass_casing":14,"twilightforest:lich_trophy":1,"alexscaves:drain":3,"minecraft:armor_stand":12,"create:empty_blaze_burner":1,"alexscaves:amber_monolith":2,"minecraft:oak_planks":267,"minecraft:oak_sign":16,"create:cuckoo_clock":10,"beautify:botanist_workbench":2,"minecraft:redstone_block":21,"create:nixie_tube":13,"minecraft:beacon":1,"minecraft:quartz_stairs":13,"minecraft:smooth_quartz_stairs":84,"brewery:barrel_main":3,"minecraft:diamond_block":1,"minecells:cage":2,"twilightforest:cicada_jar":1,"create:encased_fan":3,"minecraft:oak_slab":285,"create:cogwheel":13,"alexscaves:ambersol":1,"alexscaves:scarlet_magnet":2,"minecraft:sponge":7,"minecraft:chiseled_quartz_block":85,"create:depot":1,"twilightforest:carminite_block":2,"alexscaves:siren_light":2,"alexscaves:waste_drum":1,"minecraft:redstone_torch":7,"minecraft:oak_log":130,"twilightforest:ur_ghast_trophy":1,"minecraft:glass":21,"minecells:corpse":2,"create:display_link":6,"alexscaves:rusty_scaffolding":2,"alexscaves:azure_neodymium_node":1,"minecraft:quartz_pillar":39,"create:mechanical_press":2,"alexscaves:enigmatic_engine":2,"minecraft:grass_block":619,"minecraft:quartz_slab":18,"minecraft:yellow_stained_glass":1,"minecraft:iron_block":90,"twilightforest:knightmetal_block":1,"minecraft:oak_stairs":79,"minecells:kings_crest_flag":3,"twilightforest:minoshroom_trophy":1,"minecraft:quartz_block":196,"twilightforest:firefly_jar":1,"alexscaves:amber":1,"minecraft:spruce_trapdoor":21,"minecraft:smooth_quartz":460,"quark:stripped_oak_post":9,"twilightforest:twilight_portal_miniature_structure":3,"twilightforest:fiery_block":4,"create:creative_motor":10,"twilightforest:naga_courtyard_miniature_structure":3,"create:andesite_funnel":1,"alexscaves:spelunkery_table":1,"bakery:cake_display":2,"alexscaves:scarlet_neodymium_node":1,"minecraft:redstone_lamp":19,"create:basin":1,"beachparty:table":2,"create:shaft":19,"alexscaves:azure_magnet":2,"alexscaves:nuclear_furnace_component":3,"minecraft:bucket":3,"twilightforest:keepsake_casket":2,"minecells:rotting_corpse":1,"twilightforest:knightmetal_helmet":1,"create:display_board":10,"minecraft:stripped_oak_log":117,"create:vertical_gearbox":6,"twilightforest:lich_tower_miniature_structure":3,"create:belt_connector":4,"create:large_cogwheel":4}},"DataVersion":3465}