{"stats":{"minecraft:custom":{"minecraft:time_since_rest":158779,"minecraft:sprint_one_cm":42572,"minecraft:walk_one_cm":229611,"minecraft:drop":1,"minecraft:damage_dealt":20,"minecraft:interact_with_beacon":1,"minecraft:fly_one_cm":665282,"minecraft:crouch_one_cm":464,"minecraft:play_time":205249,"minecraft:deaths":2,"minecraft:sneak_time":1732,"minecraft:walk_under_water_one_cm":31,"minecraft:jump":191,"minecraft:leave_game":2,"minecraft:time_since_death":158749,"minecraft:walk_on_water_one_cm":12919,"minecraft:total_world_time":205249},"minecraft:picked_up":{"minecraft:oak_log":1,"minecells:cage":1,"minecraft:wheat_seeds":13},"minecraft:dropped":{"minecraft:oak_log":1},"minecraft:used":{"minecraft:redstone_torch":7,"minecraft:quartz_bricks":73,"minecraft:oak_log":128,"minecraft:oak_fence":119,"mcwlights:wall_lantern":1,"minecraft:glass":20,"twilightforest:naga_trophy":1,"minecells:cell_crafter":2,"minecraft:water_bucket":43,"create:deployer":1,"minecells:corpse":2,"twilightforest:lich_trophy":1,"create:display_link":6,"create:brass_casing":14,"alexscaves:rusty_scaffolding":2,"create:mechanical_press":2,"minecraft:quartz_pillar":39,"twilightforest:knightmetal_block":1,"minecraft:armor_stand":2,"minecraft:quartz_slab":18,"minecraft:yellow_stained_glass":1,"minecraft:iron_block":90,"minecraft:grass_block":619,"minecraft:oak_stairs":79,"minecells:kings_crest_flag":3,"twilightforest:minoshroom_trophy":1,"create:empty_blaze_burner":1,"minecraft:oak_sign":16,"minecraft:oak_planks":267,"minecraft:quartz_block":196,"twilightforest:firefly_jar":1,"create:cuckoo_clock":10,"minecraft:spruce_trapdoor":21,"minecraft:redstone_block":21,"minecraft:smooth_quartz":460,"create:nixie_tube":13,"twilightforest:fiery_block":4,"quark:stripped_oak_post":9,"twilightforest:twilight_portal_miniature_structure":3,"minecraft:beacon":1,"minecraft:quartz_stairs":13,"create:creative_motor":10,"twilightforest:naga_courtyard_miniature_structure":3,"create:andesite_funnel":1,"minecraft:smooth_quartz_stairs":84,"alexscaves:spelunkery_table":1,"minecells:cage":2,"minecraft:diamond_block":1,"create:basin":1,"minecraft:redstone_lamp":19,"twilightforest:cicada_jar":1,"create:encased_fan":3,"create:shaft":19,"minecraft:oak_slab":285,"alexscaves:nuclear_furnace_component":3,"alexscaves:azure_magnet":2,"create:cogwheel":13,"alexscaves:scarlet_magnet":2,"minecells:rotting_corpse":1,"twilightforest:keepsake_casket":2,"minecraft:bucket":3,"twilightforest:knightmetal_helmet":1,"create:display_board":10,"minecraft:sponge":7,"minecraft:chiseled_quartz_block":85,"create:depot":1,"minecraft:stripped_oak_log":117,"create:vertical_gearbox":6,"alexscaves:siren_light":2,"twilightforest:carminite_block":2,"twilightforest:lich_tower_miniature_structure":3,"alexscaves:waste_drum":1,"create:belt_connector":4,"create:large_cogwheel":4,"twilightforest:ur_ghast_trophy":1}},"DataVersion":3465}