{"stats":{"minecraft:dropped":{"candlelight:chefs_jacket":1,"immersive_melodies:lute":1,"wardrobe:soul_lantern_on_a_stick":1,"candlelight:chefs_pants":1,"candlelight:cooking_hat":1,"convenientdecor:lime_umbrella":1},"minecraft:custom":{"minecraft:damage_dealt_resisted":145,"minecraft:eat_cake_slice":2,"minecraft:leave_game":3,"minecraft:time_since_death":70795,"minecraft:time_since_rest":70795,"minecraft:sprint_one_cm":45456,"minecraft:walk_one_cm":174838,"minecraft:drop":6,"minecraft:damage_dealt":1539,"minecraft:swim_one_cm":2381,"minecraft:talked_to_villager":3,"minecraft:fly_one_cm":299337,"minecraft:open_chest":9,"minecraft:crouch_one_cm":32,"minecraft:play_time":70795,"minecraft:sneak_time":166,"minecraft:walk_under_water_one_cm":1754,"minecraft:jump":159,"minecraft:walk_on_water_one_cm":2887,"minecraft:total_world_time":70795},"minecraft:used":{"minecells:shieldbearer_spawn_egg":1,"minecells:sewers_tentacle_spawn_egg":3,"specialmobs:lemonslime_spawn_egg":1,"born_in_chaos_v1:senor_pumpkin_spawn_egg":2,"farlanders:looter_spawn_egg":2,"vinery:red_wine":4,"candlelight:dark_oak_chair":8,"minecraft:carved_pumpkin":1,"candlelight:dark_oak_table":2,"minecraft:polished_andesite":1,"herbalbrews:hibiscus_tea":4,"bakery:bread_crate":1,"specialmobs:slabghast_spawn_egg":1,"minecraft:iron_golem_spawn_egg":3,"minecraft:spruce_planks":2,"vinery:spruce_wine_rack_big":1,"vinery:oak_wine_rack_mid":2,"minecells:disgusting_worm_spawn_egg":1,"beachparty:hammock":1,"creeperoverhaul:ocean_creeper_spawn_egg":2,"specialmobs:deathcreeper_spawn_egg":1,"herbalbrews:coffee":1,"bakery:chocolate_box":1,"cannibal:cannibal_butcher_spawn_egg":1,"bakery:kitchen_sink":1,"bakery:drawer":4,"born_in_chaos_v1:lord_pumpkinhead_spawn_egg":1,"creeperoverhaul:snowy_creeper_spawn_egg":1,"specialmobs:darkcreeper_spawn_egg":2,"bakery:cabinet":1,"bakery:wandering_baker_spawn_egg":1,"specialmobs:undeadwitch_spawn_egg":1,"herbalbrews:tea_kettle":1,"minecells:grenadier_spawn_egg":1,"hamsters:hamster_spawn_egg":1,"specialmobs:hungryzombie_spawn_egg":1,"vinery:bottle_mojang_noir":1,"minecraft:villager_spawn_egg":2,"bakery:wall_cabinet":3,"beachparty:beach_chair":1,"specialmobs:giantskeleton_spawn_egg":1,"minecraft:iron_block":4,"cannibal:cannibal_spawn_egg":1,"vinery:fermentation_barrel":1,"supplementaries:red_merchant_spawn_egg":1,"farlanders:ender_golem_spawn_egg":1,"minecraft:cat_spawn_egg":1,"minecells:leaping_zombie_spawn_egg":1,"specialmobs:knightzombifiedpiglin_spawn_egg":1,"minecraft:stone_bricks":1,"bakery:tray":1,"brewery:beer_haley":2,"creeperoverhaul:beach_creeper_spawn_egg":1,"bakery:brick_counter":1,"bakery:brick_stove":1,"minecells:inquisitor_spawn_egg":1,"minecraft:andesite":2,"naturalist:teddy_bear":2,"bakery:baker_station":3,"hamsters:hamster":1,"bakery:crafting_bowl":2,"beachparty:deck_chair":2,"hamsters:hamster_wheel":7},"minecraft:picked_up":{"minecraft:nautilus_shell":2,"born_in_chaos_v1:corpse_maggot":1,"minecraft:feather":3,"minecraft:glow_ink_sac":1,"vinery:taiga_grapes_white":1,"minecraft:salmon":2,"minecraft:brown_mushroom":22,"minecraft:red_mushroom":13,"immersive_weathering:silt":16,"minecraft:shield":2,"vinery:chorus_wine":1,"minecraft:string":2,"minecraft:paper":1,"minecraft:lantern":1,"minecraft:wooden_sword":2,"farlanders:ender_horn":3,"neapolitan:mint_candies":1,"minecraft:kelp":16,"minecraft:bow":1,"minecraft:wheat_seeds":1,"minecraft:gold_nugget":2,"minecraft:cobbled_deepslate":1,"cannibal:fresh_flesh":1,"minecraft:iron_golem_spawn_egg":1,"neapolitan:cooked_mint_chops":2,"minecraft:poppy":2,"minecraft:iron_sword":2,"minecraft:tropical_fish_bucket":5,"minecells:guts":1,"minecraft:dandelion":11,"minecraft:bowl":2,"minecells:infected_flesh":1,"minecells:arcane_goo":2,"minecraft:fire_charge":2,"cannibal:stone_saw":1,"wardrobe:soul_lantern_on_a_stick":1,"minecraft:stone_sword":3,"minecraft:arrow":1,"minecraft:slime_ball":3,"minecraft:crossbow":3,"minecraft:blue_ice":6,"supplementaries:ash":4,"minecraft:cod":1}},"DataVersion":3465}