{"stats":{"minecraft:dropped":{"minecraft:iron_ingot":1,"minecraft:moss_block":2,"minecraft:wheat_seeds":1,"minecraft:mossy_cobblestone":2,"minecraft:item_frame":2,"minecraft:emerald":2,"minecraft:cobweb":7,"minecraft:wooden_axe":1,"alexsmobs:flying_fish":1,"minecraft:oak_stairs":2,"toughasnails:empty_canteen":1,"alexsmobs:animal_dictionary":1,"minecraft:chicken":1,"minecraft:white_bed":1,"minecraft:allium":23,"minecraft:iron_bars":1,"minecraft:stone_pickaxe":1},"minecraft:custom":{"lootr:looted_stat":11,"minecraft:mob_kills":13,"minecraft:interact_with_crafting_table":17,"minecraft:open_barrel":20,"minecraft:leave_game":1,"minecraft:time_since_death":125938,"minecraft:climb_one_cm":487,"minecraft:sprint_one_cm":386135,"minecraft:walk_one_cm":114712,"minecraft:drop":19,"minecraft:talked_to_villager":1,"minecraft:play_time":125938,"minecraft:sneak_time":725,"minecraft:walk_under_water_one_cm":3079,"minecraft:jump":2400,"minecraft:interact_with_brewingstand":2,"minecraft:walk_on_water_one_cm":9289,"minecraft:total_world_time":125938,"minecraft:interact_with_furnace":22,"minecraft:tune_noteblock":1,"minecraft:sleep_in_bed":7,"minecraft:time_since_rest":3460,"minecraft:damage_taken":1060,"minecraft:damage_dealt":1192,"minecraft:swim_one_cm":2041,"minecraft:fly_one_cm":592231,"minecraft:open_chest":17,"minecraft:crouch_one_cm":1615,"minecraft:fall_one_cm":82347},"minecraft:picked_up":{"minecraft:crafting_table":3,"minecraft:allium":23,"minecraft:wheat":186,"minecraft:chicken":1,"minecraft:leather_leggings":1,"minecraft:oak_stairs":2,"farmersdelight:cutting_board":1,"minecraft:string":2,"lucky:lucky_potion":13,"born_in_chaos_v1:intoxicating_decoction":2,"minecraft:item_frame":3,"minecraft:white_carpet":3,"minecraft:experience_bottle":1,"lucky:lucky_sword":1,"minecraft:beef":3,"minecraft:ender_eye":5,"minecraft:light_gray_wool":1,"minecraft:spruce_trapdoor":1,"minecraft:stick":18,"born_in_chaos_v1:shattered_skull":1,"farmersdelight:minced_beef":2,"minecraft:porkchop":7,"farmersdelight:tomato_seeds":4,"farmersdelight:chicken_cuts":2,"born_in_chaos_v1:pieceofdarkmetal":1,"toughasnails:empty_canteen":1,"corn_delight:corn_seeds":7,"minecraft:rotten_flesh":10,"farmersdelight:onion":15,"minecraft:hay_block":17,"minecraft:mutton":14,"minecraft:iron_bars":1,"alexsmobs:flying_fish":1,"minecraft:white_wool":8,"minecraft:cobblestone":50,"minecraft:feather":2,"minecraft:leather":8,"farmersdelight:bacon":16,"minecraft:oak_log":12,"farmersdelight:salmon_slice":2,"minecraft:gunpowder":1,"minecraft:lantern":2,"brewery:hops_seeds":22,"minecraft:bone":10,"bloomingnature:bluebell":1,"minecraft:wheat_seeds":345,"minecraft:rabbit_hide":2,"minecraft:iron_ingot":1,"minecraft:cobweb":7,"minecraft:rabbit":4,"minecraft:moss_block":2,"immersive_weathering:tallow":8,"minecraft:pumpkin":9,"minecraft:gravel":6,"minecraft:sand":11,"minecraft:white_bed":7,"farmersdelight:cooked_mutton_chops":28,"minecraft:mossy_cobblestone":2,"minecraft:leather_helmet":1,"graveyard:oak_coffin":2,"minecraft:white_candle":3,"minecraft:pumpkin_seeds":4,"toughasnails:water_canteen":1,"minecraft:bone_meal":2,"minecraft:emerald":3,"minecraft:jack_o_lantern":14,"minecraft:coal":101,"minecraft:ender_pearl":10},"minecraft:mined":{"minecraft:white_bed":6,"minecraft:mossy_cobblestone":7,"corn_delight:wild_corn":7,"minecraft:spruce_trapdoor":1,"biomesoplenty:bush":5,"minecraft:soul_soil":2,"minecraft:moss_block":4,"minecraft:large_fern":1,"minecraft:hay_block":17,"farmersdelight:wild_onions":15,"realmrpg_skeletons:rookie_skeleton":1,"minecraft:polished_deepslate_slab":1,"minecraft:dirt_path":1,"minecraft:oak_stairs":2,"minecraft:iron_bars":2,"lucky:lucky_block":7,"minecraft:stone":32,"bloomingnature:bluebell":2,"minecraft:tripwire":2,"brewery:wild_hops":11,"minecraft:soul_sand":2,"minecraft:crafting_table":3,"denseores:dense_coal_ore":4,"minecraft:tall_grass":2,"biomesoplenty:sprout":5,"farmersdelight:wild_tomatoes":5,"minecraft:coarse_dirt":1,"graveyard:oak_coffin":2,"farmersdelight:cutting_board":1,"minecraft:white_carpet":3,"minecraft:grass":6,"minecraft:oak_log":8,"minecraft:coal_ore":92,"minecraft:sand":11,"minecraft:gravel":6,"minecraft:oak_leaves":9},"minecraft:crafted":{"minecraft:oak_planks":36,"minecraft:furnace":2,"minecraft:bone_meal":6,"minecraft:cooked_mutton":14,"minecraft:iron_axe":1,"minecraft:stone_pickaxe":1,"minecraft:cooked_rabbit":4,"minecraft:wheat":153,"minecraft:cooked_beef":3,"minecraft:crafting_table":1,"minecraft:wooden_pickaxe":1,"minecraft:iron_sword":1,"minecraft:bread":101,"minecraft:air":0,"minecraft:stick":24,"quark:oak_chest":1,"minecraft:iron_pickaxe":1,"minecraft:iron_ingot":8,"minecraft:wooden_axe":1,"minecraft:white_bed":1,"minecraft:torch":52},"minecraft:killed":{"born_in_chaos_v1:zombie_clown_not_despawn":1,"minecraft:chicken":2,"alexsmobs:flying_fish":1,"minecraft:pig":2,"minecraft:rabbit":1,"minecraft:sheep":5,"minecraft:cow":1},"minecraft:broken":{"toughasnails:water_canteen":4},"minecraft:used":{"graveyard:oak_coffin":2,"minecraft:iron_chestplate":1,"toughasnails:empty_canteen":3,"minecraft:wooden_axe":12,"minecraft:lantern":2,"minecraft:iron_axe":4,"minecraft:iron_helmet":1,"minecraft:iron_boots":1,"farmersdelight:cutting_board":1,"minecraft:furnace":2,"minecraft:iron_leggings":1,"minecraft:wheat_seeds":19,"minecraft:stone_pickaxe":128,"minecraft:oak_planks":2,"minecraft:wooden_pickaxe":23,"toughasnails:water_canteen":85,"minecraft:sand":1,"minecraft:crafting_table":3,"simplyswords:iron_halberd":23,"minecraft:white_bed":5,"minecraft:apple":3,"minecraft:bread":21,"minecraft:cobblestone":7,"minecraft:cooked_rabbit":2,"quark:oak_chest":1,"alexsmobs:animal_dictionary":1,"minecraft:experience_bottle":1}},"DataVersion":3465}