{"stats":{"minecraft:killed_by":{"born_in_chaos_v1:restless_spirit":1,"alexsmobs:orca":1},"minecraft:dropped":{"minecraft:iron_ingot":1,"minecraft:moss_block":2,"minecraft:wheat_seeds":1,"minecraft:mossy_cobblestone":2,"minecraft:dark_oak_slab":28,"minecraft:item_frame":2,"minecraft:emerald":2,"minecraft:cobweb":7,"minecraft:dark_oak_trapdoor":27,"minecraft:wooden_axe":1,"alexsmobs:flying_fish":1,"gravestone:obituary":2,"minecraft:oak_stairs":2,"toughasnails:empty_canteen":1,"alexsmobs:animal_dictionary":1,"minecraft:chicken":1,"minecraft:white_bed":1,"minecraft:allium":23,"minecraft:iron_bars":1,"minecraft:stone_pickaxe":1},"minecraft:custom":{"lootr:looted_stat":32,"minecraft:interact_with_anvil":1,"minecraft:mob_kills":28,"minecraft:interact_with_crafting_table":33,"minecraft:open_barrel":116,"minecraft:leave_game":2,"minecraft:time_since_death":34781,"minecraft:climb_one_cm":3681,"minecraft:sprint_one_cm":847832,"minecraft:walk_one_cm":226645,"minecraft:drop":35,"minecraft:talked_to_villager":1,"minecraft:play_time":298572,"minecraft:deaths":3,"minecraft:sneak_time":2198,"minecraft:walk_under_water_one_cm":29336,"minecraft:jump":4543,"minecraft:interact_with_brewingstand":2,"minecraft:walk_on_water_one_cm":56118,"minecraft:total_world_time":298572,"minecraft:interact_with_furnace":23,"minecraft:tune_noteblock":1,"minecraft:interact_with_loom":1,"minecraft:sleep_in_bed":18,"minecraft:time_since_rest":18134,"minecraft:waystone_activated":1,"minecraft:damage_taken":2639,"minecraft:damage_absorbed":80,"minecraft:damage_dealt":4536,"minecraft:swim_one_cm":48140,"minecraft:fly_one_cm":1156676,"minecraft:open_chest":38,"minecraft:crouch_one_cm":3069,"minecraft:fall_one_cm":136970},"minecraft:picked_up":{"minecraft:charcoal":4,"vinery:red_grape":7,"minecraft:crafting_table":3,"minecraft:allium":23,"minecraft:wheat":186,"minecraft:clay_ball":116,"minecraft:chicken":1,"minecraft:flower_pot":6,"minecraft:leather_leggings":1,"minecraft:oak_stairs":2,"bakery:strawberry_seeds":1,"candlelight:lettuce_seeds":3,"farmersdelight:cutting_board":1,"minecraft:cornflower":3,"minecraft:dark_oak_trapdoor":29,"minecraft:string":4,"lucky:lucky_potion":13,"born_in_chaos_v1:intoxicating_decoction":2,"minecraft:item_frame":3,"minecraft:white_carpet":3,"minecraft:experience_bottle":1,"lucky:lucky_sword":1,"collectorsreap:urchin":1,"minecraft:beef":3,"minecraft:ender_eye":5,"minecraft:poppy":1,"minecraft:spruce_slab":3,"minecraft:light_gray_wool":1,"minecraft:chest":1,"minecraft:spruce_trapdoor":1,"ecologics:crab_claw":2,"minecraft:stick":22,"minecraft:raw_iron":75,"born_in_chaos_v1:shattered_skull":1,"ecologics:coconut_slice":10,"farmersdelight:minced_beef":2,"minecraft:torch":13,"minecraft:spruce_stairs":3,"minecraft:porkchop":9,"farmersdelight:tomato_seeds":4,"collectorsreap:urchin_test":1,"farmersdelight:chicken_cuts":2,"born_in_chaos_v1:pieceofdarkmetal":1,"farmersdelight:cooked_cod_slice":104,"toughasnails:empty_canteen":1,"corn_delight:corn_seeds":15,"collectorsreap:uni":2,"minecraft:rotten_flesh":10,"born_in_chaos_v1:sea_terror_eye":2,"farmersdelight:onion":15,"vinery:white_grape_seeds":3,"minecraft:hay_block":32,"born_in_chaos_v1:spiny_shell":3,"minecraft:mutton":21,"minecraft:iron_bars":1,"alexsmobs:flying_fish":1,"minecraft:white_wool":9,"minecraft:cobblestone":71,"born_in_chaos_v1:corpse_maggot":2,"candlelight:lettuce":7,"minecraft:feather":2,"minecraft:tripwire_hook":1,"minecraft:leather":8,"farmersdelight:bacon":16,"create:raw_zinc":9,"minecraft:oak_log":67,"farmersdelight:salmon_slice":2,"minecraft:gunpowder":1,"minecraft:dirt":4,"minecraft:lantern":2,"brewery:hops_seeds":22,"minecraft:bone":10,"bloomingnature:bluebell":1,"minecraft:kelp":27,"minecraft:wheat_seeds":345,"minecraft:rabbit_hide":2,"minecraft:iron_ingot":1,"minecraft:cobweb":7,"minecraft:rabbit":4,"minecraft:moss_block":2,"immersive_weathering:tallow":10,"bakery:strawberry":6,"minecraft:sweet_berries":59,"minecraft:dark_oak_slab":28,"minecraft:pumpkin":9,"born_in_chaos_v1:ethereal_spirit":2,"bloomingnature:amaryllis":1,"minecraft:gravel":6,"vinery:white_grape":6,"minecraft:sand":16,"minecraft:green_carpet":4,"minecraft:white_bed":9,"minecraft:loom":3,"immersive_weathering:dark_oak_bark":1,"farmersdelight:cooked_mutton_chops":28,"minecraft:mossy_cobblestone":2,"minecraft:leather_helmet":1,"collectorsreap:urchin_needle":6,"graveyard:oak_coffin":2,"minecraft:white_candle":3,"minecraft:pumpkin_seeds":4,"minecraft:dried_kelp_block":46,"toughasnails:water_canteen":1,"minecraft:bone_meal":54,"minecraft:emerald":3,"born_in_chaos_v1:rotten_fish":13,"minecraft:jack_o_lantern":14,"minecraft:oak_sapling":3,"born_in_chaos_v1:sea_terror_stomach":1,"minecraft:coal":122,"minecraft:ender_pearl":10},"minecraft:mined":{"create:zinc_ore":9,"biomesoplenty:orange_autumn_leaves":9,"minecraft:white_bed":8,"minecraft:mossy_cobblestone":7,"corn_delight:wild_corn":15,"minecraft:glow_lichen":1,"minecraft:spruce_trapdoor":1,"gravestone:gravestone":3,"biomesoplenty:bush":5,"minecraft:soul_soil":2,"bloomingnature:amaryllis":1,"minecraft:moss_block":4,"minecraft:large_fern":1,"minecraft:hay_block":33,"farmersdelight:wild_onions":15,"minecraft:dark_oak_trapdoor":29,"candlelight:wild_lettuce":10,"minecraft:iron_ore":75,"realmrpg_skeletons:rookie_skeleton":1,"minecraft:polished_deepslate_slab":1,"minecraft:dirt_path":1,"minecraft:oak_stairs":2,"minecraft:iron_bars":2,"minecraft:potted_cornflower":3,"immersive_weathering:ivy":5,"lucky:lucky_block":8,"minecraft:stone":53,"bloomingnature:bluebell":2,"minecraft:spruce_slab":3,"minecraft:tripwire":2,"lootr:lootr_chest":1,"brewery:wild_hops":11,"minecraft:soul_sand":2,"minecraft:kelp_plant":2,"minecraft:clay":29,"minecraft:crafting_table":3,"minecraft:torch":3,"bakery:wild_strawberries":7,"minecraft:campfire":2,"denseores:dense_coal_ore":4,"minecraft:tall_grass":2,"minecraft:dried_kelp_block":46,"biomesoplenty:sprout":5,"farmersdelight:wild_tomatoes":5,"vinery:white_grape_bush":1,"minecraft:wall_torch":9,"minecraft:spruce_stairs":3,"minecraft:coarse_dirt":1,"minecraft:dark_oak_slab":28,"graveyard:oak_coffin":2,"farmersdelight:cutting_board":1,"minecraft:white_carpet":3,"biomesoplenty:maple_leaves":1,"minecraft:potted_poppy":1,"minecraft:grass":11,"minecraft:oak_log":63,"minecraft:coal_ore":113,"minecraft:loom":3,"minecraft:flower_pot":2,"minecraft:sand":16,"minecraft:gravel":6,"minecraft:dirt":4,"minecraft:cobweb":2,"minecraft:tripwire_hook":1,"minecraft:oak_leaves":12,"minecraft:fern":1},"minecraft:crafted":{"minecraft:oak_planks":268,"minecraft:barrel":9,"minecraft:furnace":2,"minecraft:bone_meal":6,"minecraft:cooked_mutton":14,"minecraft:iron_axe":1,"minecraft:ladder":8,"minecraft:stone_pickaxe":1,"minecraft:cooked_rabbit":4,"minecraft:wheat":288,"minecraft:cooked_beef":3,"minecraft:oak_slab":18,"minecraft:crafting_table":1,"farmersdelight:iron_knife":1,"minecraft:dried_kelp":414,"minecraft:wooden_pickaxe":1,"minecraft:iron_sword":1,"minecraft:bread":152,"minecraft:air":0,"farmersdelight:cutting_board":2,"minecraft:stick":168,"quark:oak_chest":5,"minecraft:iron_pickaxe":1,"minecraft:iron_ingot":8,"minecraft:wooden_axe":1,"minecraft:iron_shovel":1,"minecraft:white_bed":1,"minecraft:torch":76},"minecraft:killed":{"born_in_chaos_v1:restless_spirit":1,"born_in_chaos_v1:zombie_clown_not_despawn":1,"collectorsreap:urchin":1,"born_in_chaos_v1:thornshell_crab":1,"minecraft:chicken":2,"ecologics:coconut_crab":2,"born_in_chaos_v1:corpse_fish":2,"alexsmobs:flying_fish":1,"minecraft:pig":3,"born_in_chaos_v1:glutton_fish":1,"minecraft:rabbit":1,"born_in_chaos_v1:decrepit_skeleton":1,"minecraft:sheep":7,"born_in_chaos_v1:corpse_fly":1,"collectorsreap:chieftain_crab":1,"specialmobs:spider":1,"minecraft:cow":1},"minecraft:broken":{"toughasnails:water_canteen":7},"minecraft:used":{"minecraft:iron_shovel":37,"minecraft:spruce_slab":1,"minecraft:dried_kelp":1,"minecraft:ladder":5,"minecraft:iron_sword":21,"graveyard:oak_coffin":2,"minecraft:iron_chestplate":1,"minecraft:torch":39,"toughasnails:empty_canteen":7,"minecraft:wooden_axe":12,"minecraft:coal_ore":21,"minecraft:lantern":2,"minecraft:iron_axe":168,"minecraft:iron_helmet":1,"minecraft:iron_boots":1,"minecraft:totem_of_undying":1,"minecraft:barrel":9,"farmersdelight:cutting_board":3,"minecraft:furnace":2,"farmersdelight:cooked_mutton_chops":13,"minecraft:iron_leggings":1,"minecraft:wheat_seeds":19,"farmersdelight:iron_knife":1,"minecraft:water_bucket":13,"minecraft:iron_ore":11,"minecraft:stone_pickaxe":128,"minecraft:oak_planks":2,"minecraft:wooden_pickaxe":23,"toughasnails:water_canteen":145,"minecraft:dark_oak_trapdoor":2,"minecraft:sand":1,"minecraft:crafting_table":4,"minecraft:loom":1,"simplyswords:iron_halberd":72,"minecraft:white_bed":8,"minecraft:apple":3,"minecraft:melon_slice":65,"minecraft:bread":21,"minecraft:iron_pickaxe":129,"ecologics:coconut_slice":4,"bloomingnature:amaryllis":1,"minecraft:cobblestone":7,"minecraft:cooked_rabbit":2,"minecraft:bucket":13,"quark:oak_chest":5,"alexsmobs:animal_dictionary":1,"minecraft:experience_bottle":1}},"DataVersion":3465}