{"stats":{"minecraft:dropped":{"minecraft:iron_ingot":1,"toughasnails:empty_canteen":1,"minecraft:moss_block":2,"minecraft:wheat_seeds":1,"alexsmobs:animal_dictionary":1,"minecraft:mossy_cobblestone":2,"minecraft:item_frame":2,"minecraft:emerald":2,"minecraft:cobweb":7,"minecraft:allium":23,"alexsmobs:flying_fish":1,"minecraft:iron_bars":1,"minecraft:oak_stairs":2,"minecraft:stone_pickaxe":1},"minecraft:custom":{"lootr:looted_stat":10,"minecraft:mob_kills":13,"minecraft:interact_with_crafting_table":8,"minecraft:tune_noteblock":1,"minecraft:open_barrel":20,"minecraft:leave_game":1,"minecraft:time_since_death":89938,"minecraft:sleep_in_bed":4,"minecraft:climb_one_cm":487,"minecraft:time_since_rest":9540,"minecraft:sprint_one_cm":264207,"minecraft:damage_taken":820,"minecraft:walk_one_cm":80637,"minecraft:drop":16,"minecraft:damage_dealt":1192,"minecraft:swim_one_cm":2041,"minecraft:talked_to_villager":1,"minecraft:fly_one_cm":485481,"minecraft:open_chest":5,"minecraft:crouch_one_cm":1054,"minecraft:play_time":89938,"minecraft:sneak_time":591,"minecraft:walk_under_water_one_cm":2753,"minecraft:interact_with_brewingstand":2,"minecraft:jump":1980,"minecraft:walk_on_water_one_cm":4971,"minecraft:total_world_time":89938,"minecraft:fall_one_cm":69464},"minecraft:picked_up":{"minecraft:crafting_table":3,"minecraft:allium":23,"minecraft:feather":2,"minecraft:chicken":1,"minecraft:leather_leggings":1,"minecraft:leather":8,"minecraft:oak_stairs":2,"minecraft:oak_log":9,"minecraft:gunpowder":1,"minecraft:string":2,"minecraft:lantern":1,"brewery:hops_seeds":22,"born_in_chaos_v1:intoxicating_decoction":2,"minecraft:item_frame":3,"minecraft:white_carpet":1,"minecraft:bone":10,"minecraft:experience_bottle":1,"minecraft:wheat_seeds":1,"minecraft:beef":3,"lucky:lucky_sword":1,"minecraft:rabbit_hide":2,"minecraft:iron_ingot":1,"minecraft:cobweb":7,"minecraft:ender_eye":5,"minecraft:light_gray_wool":1,"minecraft:rabbit":4,"minecraft:moss_block":2,"immersive_weathering:tallow":8,"minecraft:stick":18,"born_in_chaos_v1:shattered_skull":1,"minecraft:pumpkin":9,"minecraft:gravel":6,"minecraft:porkchop":7,"minecraft:sand":11,"farmersdelight:tomato_seeds":4,"minecraft:white_bed":3,"born_in_chaos_v1:pieceofdarkmetal":1,"corn_delight:corn_seeds":7,"toughasnails:empty_canteen":1,"minecraft:leather_helmet":1,"minecraft:mossy_cobblestone":2,"graveyard:oak_coffin":2,"minecraft:white_candle":3,"minecraft:pumpkin_seeds":4,"toughasnails:water_canteen":1,"minecraft:rotten_flesh":10,"farmersdelight:onion":15,"minecraft:hay_block":17,"minecraft:emerald":3,"minecraft:iron_bars":1,"minecraft:jack_o_lantern":14,"minecraft:coal":101,"minecraft:cobblestone":50,"minecraft:white_wool":8,"minecraft:mutton":14,"alexsmobs:flying_fish":1,"minecraft:ender_pearl":10},"minecraft:mined":{"brewery:wild_hops":11,"minecraft:white_bed":3,"minecraft:soul_sand":2,"minecraft:mossy_cobblestone":7,"corn_delight:wild_corn":7,"minecraft:crafting_table":3,"biomesoplenty:bush":5,"minecraft:soul_soil":2,"denseores:dense_coal_ore":4,"minecraft:tall_grass":2,"biomesoplenty:sprout":5,"farmersdelight:wild_tomatoes":5,"minecraft:moss_block":4,"minecraft:large_fern":1,"minecraft:hay_block":17,"farmersdelight:wild_onions":15,"minecraft:coarse_dirt":1,"graveyard:oak_coffin":2,"minecraft:white_carpet":1,"minecraft:dirt_path":1,"minecraft:polished_deepslate_slab":1,"minecraft:grass":6,"realmrpg_skeletons:rookie_skeleton":1,"minecraft:coal_ore":92,"minecraft:oak_log":4,"minecraft:oak_stairs":2,"minecraft:iron_bars":2,"minecraft:gravel":6,"minecraft:sand":11,"lucky:lucky_block":6,"minecraft:stone":32,"minecraft:oak_leaves":9,"minecraft:tripwire":2},"minecraft:crafted":{"minecraft:oak_planks":36,"minecraft:crafting_table":1,"minecraft:wooden_pickaxe":1,"minecraft:bone_meal":6,"minecraft:bread":39,"minecraft:stick":24,"quark:oak_chest":1,"minecraft:stone_pickaxe":1,"minecraft:wooden_axe":1,"minecraft:white_bed":1,"minecraft:wheat":153},"minecraft:killed":{"minecraft:pig":2,"born_in_chaos_v1:zombie_clown_not_despawn":1,"minecraft:rabbit":1,"minecraft:sheep":5,"minecraft:chicken":2,"minecraft:cow":1,"alexsmobs:flying_fish":1},"minecraft:broken":{"toughasnails:water_canteen":2},"minecraft:used":{"minecraft:stone_pickaxe":128,"minecraft:oak_planks":2,"minecraft:wooden_pickaxe":23,"toughasnails:water_canteen":68,"minecraft:iron_chestplate":1,"minecraft:sand":1,"minecraft:crafting_table":3,"toughasnails:empty_canteen":2,"simplyswords:iron_halberd":23,"minecraft:white_bed":3,"minecraft:wooden_axe":12,"minecraft:lantern":1,"minecraft:bread":19,"minecraft:iron_helmet":1,"minecraft:iron_boots":1,"minecraft:cobblestone":7,"quark:oak_chest":1,"alexsmobs:animal_dictionary":1,"minecraft:iron_leggings":1,"minecraft:experience_bottle":1}},"DataVersion":3465}