{"stats":{"minecraft:dropped":{"convenientdecor:lime_umbrella":1},"minecraft:custom":{"minecraft:time_since_rest":28454,"minecraft:crouch_one_cm":7344,"minecraft:play_time":28454,"minecraft:sprint_one_cm":11462,"minecraft:walk_one_cm":49089,"minecraft:sneak_time":3127,"minecraft:mob_kills":11,"minecraft:drop":1,"minecraft:jump":101,"minecraft:damage_dealt":1740,"minecraft:time_since_death":28454,"minecraft:total_world_time":28454,"minecraft:fall_one_cm":418,"minecraft:fly_one_cm":99239,"minecraft:horse_one_cm":1300},"minecraft:used":{"minecraft:blaze_spawn_egg":1,"minecraft:bee_spawn_egg":1,"securitycraft:reinforced_polished_blackstone_bricks":2,"minecraft:cod_spawn_egg":2,"minecraft:cow_spawn_egg":2,"neapolitan:chimpanzee_spawn_egg":1,"farlanders:nightfall_sword":33,"alexsmobs:animal_dictionary":3,"minecraft:cave_spider_spawn_egg":7,"minecraft:chicken_spawn_egg":3,"minecraft:axolotl_spawn_egg":7,"minecraft:camel_spawn_egg":1,"born_in_chaos_v1:black_argillite_brick_n":1,"minecraft:allay_spawn_egg":3,"minecraft:bat_spawn_egg":1,"minecraft:cat_spawn_egg":57},"minecraft:killed":{"specialmobs:blaze":1,"specialmobs:mothercavespider":1,"specialmobs:babycavespider":4,"minecraft:cod":1,"specialmobs:cavespider":3,"specialmobs:flyingcavespider":1},"minecraft:picked_up":{"immersive_melodies:lute":1,"candlelight:cooking_hat":1,"convenientdecor:lime_umbrella":2,"minecraft:salmon":2,"candlelight:chefs_jacket":1,"candlelight:chefs_pants":1,"minecraft:cod":2,"minecraft:string":3}},"DataVersion":3465}