{"stats":{"minecraft:dropped":{"minecraft:iron_ingot":1,"alexsmobs:animal_dictionary":1,"alexsmobs:flying_fish":1,"minecraft:item_frame":2,"minecraft:emerald":2},"minecraft:custom":{"minecraft:time_since_rest":22540,"lootr:looted_stat":4,"minecraft:sprint_one_cm":80573,"minecraft:damage_taken":130,"minecraft:walk_one_cm":18005,"minecraft:mob_kills":3,"minecraft:drop":6,"minecraft:damage_dealt":140,"minecraft:swim_one_cm":2034,"minecraft:interact_with_crafting_table":1,"minecraft:tune_noteblock":1,"minecraft:fly_one_cm":149170,"minecraft:open_barrel":2,"minecraft:open_chest":2,"minecraft:crouch_one_cm":111,"minecraft:play_time":27690,"minecraft:sneak_time":130,"minecraft:walk_under_water_one_cm":1806,"minecraft:jump":611,"minecraft:walk_on_water_one_cm":4260,"minecraft:time_since_death":27690,"minecraft:sleep_in_bed":1,"minecraft:total_world_time":27690,"minecraft:fall_one_cm":23310},"minecraft:picked_up":{"minecraft:feather":2,"minecraft:chicken":1,"minecraft:sand":11,"minecraft:oak_log":7,"minecraft:lantern":1,"minecraft:item_frame":2,"minecraft:bone":2,"toughasnails:water_canteen":1,"minecraft:hay_block":17,"minecraft:iron_ingot":1,"minecraft:emerald":2,"alexsmobs:flying_fish":1},"minecraft:mined":{"minecraft:hay_block":17,"realmrpg_skeletons:rookie_skeleton":1,"minecraft:oak_log":2,"minecraft:sand":11,"minecraft:tall_grass":1,"lucky:lucky_block":1,"minecraft:oak_leaves":4},"minecraft:crafted":{"minecraft:oak_planks":28,"minecraft:crafting_table":1,"minecraft:bone_meal":6,"minecraft:bread":39,"minecraft:wheat":117},"minecraft:killed":{"minecraft:chicken":2,"alexsmobs:flying_fish":1},"minecraft:broken":{"toughasnails:water_canteen":1},"minecraft:used":{"minecraft:lantern":1,"minecraft:bread":4,"toughasnails:water_canteen":10,"toughasnails:empty_canteen":1,"alexsmobs:animal_dictionary":1}},"DataVersion":3465}