{"stats":{"minecraft:dropped":{"minecraft:iron_ingot":1,"alexsmobs:animal_dictionary":1,"minecraft:item_frame":2,"minecraft:emerald":2,"alexsmobs:flying_fish":1,"minecraft:oak_stairs":2},"minecraft:custom":{"lootr:looted_stat":6,"minecraft:mob_kills":9,"minecraft:interact_with_crafting_table":5,"minecraft:tune_noteblock":1,"minecraft:open_barrel":4,"minecraft:leave_game":1,"minecraft:time_since_death":65938,"minecraft:sleep_in_bed":2,"minecraft:climb_one_cm":487,"minecraft:time_since_rest":12280,"minecraft:sprint_one_cm":176313,"minecraft:damage_taken":646,"minecraft:walk_one_cm":54845,"minecraft:drop":8,"minecraft:damage_dealt":593,"minecraft:swim_one_cm":2041,"minecraft:fly_one_cm":333134,"minecraft:open_chest":4,"minecraft:crouch_one_cm":607,"minecraft:play_time":65938,"minecraft:sneak_time":484,"minecraft:walk_under_water_one_cm":2753,"minecraft:jump":1401,"minecraft:walk_on_water_one_cm":4971,"minecraft:total_world_time":65938,"minecraft:fall_one_cm":52685},"minecraft:picked_up":{"minecraft:crafting_table":1,"minecraft:feather":2,"minecraft:chicken":1,"minecraft:leather_leggings":1,"minecraft:oak_stairs":2,"minecraft:oak_log":8,"minecraft:string":2,"minecraft:lantern":1,"born_in_chaos_v1:intoxicating_decoction":1,"minecraft:item_frame":3,"minecraft:white_carpet":1,"minecraft:bone":7,"minecraft:experience_bottle":1,"lucky:lucky_sword":1,"minecraft:rabbit_hide":2,"minecraft:iron_ingot":1,"minecraft:light_gray_wool":1,"minecraft:rabbit":4,"minecraft:stick":18,"born_in_chaos_v1:shattered_skull":1,"minecraft:pumpkin":9,"minecraft:gravel":6,"minecraft:sand":11,"farmersdelight:tomato_seeds":4,"born_in_chaos_v1:pieceofdarkmetal":1,"toughasnails:water_canteen":1,"minecraft:rotten_flesh":5,"minecraft:hay_block":17,"minecraft:emerald":3,"minecraft:jack_o_lantern":14,"minecraft:coal":58,"minecraft:cobblestone":47,"minecraft:white_wool":4,"minecraft:mutton":14,"alexsmobs:flying_fish":1},"minecraft:mined":{"minecraft:crafting_table":1,"biomesoplenty:bush":2,"denseores:dense_coal_ore":4,"minecraft:tall_grass":2,"farmersdelight:wild_tomatoes":5,"minecraft:hay_block":17,"minecraft:white_carpet":1,"minecraft:grass":1,"realmrpg_skeletons:rookie_skeleton":1,"minecraft:coal_ore":60,"minecraft:oak_log":3,"minecraft:oak_stairs":2,"minecraft:gravel":6,"minecraft:sand":11,"lucky:lucky_block":4,"minecraft:stone":30,"minecraft:oak_leaves":7,"minecraft:tripwire":2},"minecraft:crafted":{"minecraft:oak_planks":32,"minecraft:crafting_table":1,"minecraft:wooden_pickaxe":1,"minecraft:bone_meal":6,"minecraft:bread":39,"minecraft:stick":24,"quark:oak_chest":1,"minecraft:stone_pickaxe":1,"minecraft:wooden_axe":1,"minecraft:wheat":153},"minecraft:killed":{"minecraft:rabbit":1,"minecraft:sheep":5,"minecraft:chicken":2,"alexsmobs:flying_fish":1},"minecraft:broken":{"toughasnails:water_canteen":1},"minecraft:used":{"minecraft:stone_pickaxe":72,"minecraft:oak_planks":2,"minecraft:wooden_pickaxe":23,"toughasnails:water_canteen":35,"minecraft:iron_chestplate":1,"minecraft:sand":1,"minecraft:crafting_table":1,"toughasnails:empty_canteen":1,"simplyswords:iron_halberd":12,"minecraft:wooden_axe":4,"minecraft:lantern":1,"minecraft:bread":13,"minecraft:iron_helmet":1,"minecraft:iron_boots":1,"quark:oak_chest":1,"alexsmobs:animal_dictionary":1,"minecraft:iron_leggings":1,"minecraft:experience_bottle":1}},"DataVersion":3465}