{"stats":{"minecraft:dropped":{"minecraft:iron_ingot":1,"alexsmobs:animal_dictionary":1,"alexsmobs:flying_fish":1,"minecraft:oak_stairs":2,"minecraft:item_frame":2,"minecraft:emerald":2},"minecraft:custom":{"minecraft:time_since_rest":46683,"lootr:looted_stat":6,"minecraft:sprint_one_cm":139910,"minecraft:damage_taken":606,"minecraft:walk_one_cm":41648,"minecraft:mob_kills":3,"minecraft:drop":8,"minecraft:damage_dealt":163,"minecraft:swim_one_cm":2041,"minecraft:interact_with_crafting_table":1,"minecraft:tune_noteblock":1,"minecraft:fly_one_cm":257774,"minecraft:open_barrel":4,"minecraft:open_chest":3,"minecraft:crouch_one_cm":551,"minecraft:play_time":51833,"minecraft:sneak_time":373,"minecraft:walk_under_water_one_cm":2753,"minecraft:jump":1126,"minecraft:leave_game":1,"minecraft:walk_on_water_one_cm":4971,"minecraft:time_since_death":51833,"minecraft:sleep_in_bed":1,"minecraft:climb_one_cm":487,"minecraft:total_world_time":51833,"minecraft:fall_one_cm":41992},"minecraft:picked_up":{"born_in_chaos_v1:shattered_skull":1,"minecraft:feather":2,"minecraft:chicken":1,"minecraft:leather_leggings":1,"minecraft:oak_stairs":2,"minecraft:gravel":6,"minecraft:sand":11,"farmersdelight:tomato_seeds":4,"minecraft:oak_log":7,"born_in_chaos_v1:pieceofdarkmetal":1,"minecraft:string":2,"minecraft:lantern":1,"born_in_chaos_v1:intoxicating_decoction":1,"minecraft:item_frame":2,"minecraft:bone":7,"toughasnails:water_canteen":1,"minecraft:rotten_flesh":5,"lucky:lucky_sword":1,"minecraft:hay_block":17,"minecraft:iron_ingot":1,"minecraft:emerald":3,"alexsmobs:flying_fish":1},"minecraft:mined":{"minecraft:hay_block":17,"biomesoplenty:bush":2,"minecraft:grass":1,"realmrpg_skeletons:rookie_skeleton":1,"minecraft:oak_log":2,"minecraft:oak_stairs":2,"minecraft:gravel":6,"minecraft:sand":11,"minecraft:tall_grass":2,"lucky:lucky_block":2,"farmersdelight:wild_tomatoes":5,"minecraft:oak_leaves":5,"minecraft:tripwire":2},"minecraft:crafted":{"minecraft:oak_planks":28,"minecraft:crafting_table":1,"minecraft:bone_meal":6,"minecraft:bread":39,"minecraft:wheat":153},"minecraft:killed":{"minecraft:chicken":2,"alexsmobs:flying_fish":1},"minecraft:broken":{"toughasnails:water_canteen":1},"minecraft:used":{"minecraft:lantern":1,"minecraft:bread":9,"minecraft:oak_planks":2,"minecraft:iron_helmet":1,"minecraft:iron_boots":1,"minecraft:iron_chestplate":1,"toughasnails:water_canteen":32,"minecraft:sand":1,"toughasnails:empty_canteen":1,"simplyswords:iron_halberd":3,"alexsmobs:animal_dictionary":1,"minecraft:iron_leggings":1}},"DataVersion":3465}