{"stats":{"minecraft:dropped":{"convenientdecor:lime_umbrella":1,"neapolitan:cooked_mint_chops":1,"neapolitan:mint_candies":1,"vinery:chorus_wine":1},"minecraft:custom":{"minecraft:time_since_rest":40454,"minecraft:sprint_one_cm":14584,"minecraft:walk_one_cm":65093,"minecraft:mob_kills":12,"minecraft:drop":4,"minecraft:damage_dealt":3002,"minecraft:fly_one_cm":104699,"minecraft:crouch_one_cm":7413,"minecraft:play_time":40454,"minecraft:sneak_time":3240,"minecraft:jump":124,"minecraft:eat_cake_slice":33,"minecraft:time_since_death":40454,"minecraft:total_world_time":40454,"minecraft:fall_one_cm":418,"minecraft:horse_one_cm":1300},"minecraft:used":{"vinery:chorus_wine":6,"minecraft:creeper_spawn_egg":1,"neapolitan:mint_candies":1,"minecraft:cow_spawn_egg":2,"neapolitan:chimpanzee_spawn_egg":1,"minecraft:elder_guardian_spawn_egg":2,"farlanders:nightfall_sword":46,"minecraft:chicken_spawn_egg":3,"minecraft:axolotl_spawn_egg":7,"neapolitan:strawberry_cake":3,"minecraft:donkey_spawn_egg":1,"vinery:wine_box":1,"born_in_chaos_v1:black_argillite_brick_n":1,"neapolitan:mint_cake":2,"minecraft:cat_spawn_egg":57,"minecraft:evoker_spawn_egg":1,"minecraft:blaze_spawn_egg":1,"securitycraft:reinforced_polished_blackstone_bricks":2,"minecraft:bee_spawn_egg":1,"vinery:jellie_wine":5,"vinery:cherry_wine":11,"minecraft:dolphin_spawn_egg":1,"minecraft:cod_spawn_egg":4,"miners_delight:milk_cup":2,"minecraft:cave_spider_spawn_egg":7,"alexsmobs:animal_dictionary":3,"minecraft:camel_spawn_egg":1,"minecraft:endermite_spawn_egg":1,"minecraft:allay_spawn_egg":3,"minecraft:bat_spawn_egg":1},"minecraft:killed":{"specialmobs:blaze":1,"minecraft:elder_guardian":1,"specialmobs:mothercavespider":1,"specialmobs:babycavespider":4,"minecraft:cod":1,"specialmobs:cavespider":3,"specialmobs:flyingcavespider":1},"minecraft:picked_up":{"candlelight:cooking_hat":1,"minecraft:prismarine_shard":2,"minecraft:salmon":2,"bakery:vegetable_sandwich":2,"minecraft:prismarine_crystals":1,"minecraft:string":3,"immersive_melodies:lute":1,"neapolitan:mint_ice_cream":1,"convenientdecor:lime_umbrella":2,"candlelight:chefs_jacket":1,"neapolitan:cooked_mint_chops":1,"candlelight:chefs_pants":1,"minecraft:chest":1,"minecraft:cod":3,"minecraft:wet_sponge":1}},"DataVersion":3465}