{"stats":{"minecraft:custom":{"minecraft:jump":67,"minecraft:time_since_rest":16454,"minecraft:damage_dealt":80,"minecraft:crouch_one_cm":2282,"minecraft:sprint_one_cm":7746,"minecraft:play_time":16454,"minecraft:time_since_death":16454,"minecraft:walk_one_cm":22545,"minecraft:sneak_time":1717,"minecraft:total_world_time":16454,"minecraft:fall_one_cm":418,"minecraft:fly_one_cm":93208},"minecraft:used":{"minecraft:chicken_spawn_egg":3,"minecraft:cave_spider_spawn_egg":7,"securitycraft:reinforced_polished_blackstone_bricks":2,"alexsmobs:animal_dictionary":3,"born_in_chaos_v1:black_argillite_brick_n":1,"minecraft:allay_spawn_egg":2}},"DataVersion":3465}