{"stats":{"minecraft:dropped":{"alexsmobs:animal_dictionary":1},"minecraft:custom":{"minecraft:time_since_rest":10540,"minecraft:play_time":15690,"minecraft:sprint_one_cm":34976,"minecraft:damage_taken":40,"minecraft:walk_one_cm":6070,"minecraft:sneak_time":27,"minecraft:drop":1,"minecraft:jump":262,"minecraft:time_since_death":15690,"minecraft:walk_on_water_one_cm":778,"minecraft:sleep_in_bed":1,"minecraft:total_world_time":15690,"minecraft:interact_with_crafting_table":1,"minecraft:fall_one_cm":11810,"minecraft:fly_one_cm":66665},"minecraft:picked_up":{"minecraft:hay_block":13,"minecraft:oak_log":2,"minecraft:lantern":1},"minecraft:mined":{"minecraft:hay_block":13,"minecraft:oak_log":2,"minecraft:oak_leaves":4},"minecraft:crafted":{"minecraft:oak_planks":8,"minecraft:crafting_table":1,"minecraft:bread":39,"minecraft:wheat":117},"minecraft:used":{"minecraft:lantern":1,"minecraft:bread":2,"alexsmobs:animal_dictionary":1}},"DataVersion":3465}