{"stats":{"minecraft:custom":{"minecraft:interact_with_furnace":2,"minecraft:mob_kills":24,"minecraft:open_barrel":5,"minecraft:damage_dealt_resisted":148,"minecraft:eat_cake_slice":33,"minecraft:leave_game":3,"minecraft:time_since_death":176862,"minecraft:climb_one_cm":2737,"minecraft:time_since_rest":176862,"minecraft:waystone_activated":1,"minecraft:sprint_one_cm":124997,"minecraft:walk_one_cm":284532,"minecraft:drop":5,"minecraft:damage_dealt":7521,"minecraft:swim_one_cm":5544,"minecraft:talked_to_villager":12,"minecraft:fly_one_cm":906423,"minecraft:open_chest":16,"minecraft:crouch_one_cm":11336,"minecraft:play_time":176862,"minecraft:sneak_time":5442,"minecraft:walk_under_water_one_cm":18731,"minecraft:jump":544,"minecraft:interact_with_brewingstand":1,"minecraft:walk_on_water_one_cm":8478,"minecraft:total_world_time":176862,"minecraft:fall_one_cm":418,"minecraft:horse_one_cm":1300},"minecraft:used":{"vinery:chorus_wine":6,"minecraft:water_bucket":15,"neapolitan:plantain_spider_spawn_egg":2,"minecraft:cow_spawn_egg":2,"neapolitan:mint_candies":1,"minecraft:carved_pumpkin":30,"minecraft:elder_guardian_spawn_egg":2,"minecraft:axolotl_spawn_egg":7,"minecraft:iron_golem_spawn_egg":121,"minecraft:donkey_spawn_egg":1,"minecraft:fox_spawn_egg":7,"neapolitan:mint_cake":2,"minecraft:parrot_spawn_egg":2,"minecraft:llama_spawn_egg":1,"alexsmobs:spawn_egg_straddler":1,"minecraft:horse_spawn_egg":1,"securitycraft:reinforced_polished_blackstone_bricks":2,"minecraft:bee_spawn_egg":1,"minecraft:torch":11,"minecraft:mooshroom_spawn_egg":1,"vinery:jellie_wine":5,"brewery:barrel_main":1,"twilightforest:carminite_golem_spawn_egg":2,"minecraft:phantom_spawn_egg":1,"miners_delight:milk_cup":2,"minecraft:camel_spawn_egg":1,"minecraft:cave_spider_spawn_egg":7,"minecraft:mule_spawn_egg":1,"minecraft:endermite_spawn_egg":1,"minecraft:allay_spawn_egg":3,"minecraft:bat_spawn_egg":1,"securitycraft:reinforced_glowstone":18,"minecraft:creeper_spawn_egg":1,"minecraft:glow_squid_spawn_egg":1,"minecraft:frog_spawn_egg":2,"minecraft:hoglin_spawn_egg":1,"minecraft:ghast_spawn_egg":1,"neapolitan:chimpanzee_spawn_egg":1,"twilightforest:snow_queen_trophy":3,"minecraft:iron_block":106,"farlanders:nightfall_sword":135,"minecraft:panda_spawn_egg":2,"minecraft:pig_spawn_egg":1,"minecraft:chicken_spawn_egg":3,"neapolitan:strawberry_cake":3,"mutantmonsters:mutant_snow_golem_spawn_egg":62,"vinery:wine_box":1,"born_in_chaos_v1:black_argillite_brick_n":1,"twilightforest:twilight_portal_miniature_structure":4,"minecraft:piglin_brute_spawn_egg":1,"minecraft:cat_spawn_egg":85,"minecraft:evoker_spawn_egg":1,"minecraft:magma_cube_spawn_egg":4,"minecraft:blaze_spawn_egg":1,"minecraft:ocelot_spawn_egg":1,"minecraft:glowstone":59,"vinery:cherry_wine":11,"minecraft:dolphin_spawn_egg":1,"minecraft:cod_spawn_egg":4,"minecraft:guardian_spawn_egg":1,"minecells:promenade_torch":213,"minecraft:piglin_spawn_egg":2,"alexsmobs:animal_dictionary":3,"minecraft:goat_spawn_egg":1,"minecraft:husk_spawn_egg":8,"minecraft:pillager_spawn_egg":1},"minecraft:dropped":{"minecraft:iron_golem_spawn_egg":1,"convenientdecor:lime_umbrella":1,"neapolitan:cooked_mint_chops":1,"neapolitan:mint_candies":1,"vinery:chorus_wine":1},"minecraft:killed":{"twilightforest:carminite_golem":1,"specialmobs:blaze":1,"minecraft:evoker":1,"farlanders:looter":1,"minecraft:elder_guardian":1,"specialmobs:babycavespider":4,"minecraft:cod":1,"born_in_chaos_v1:senor_pumpkin":2,"born_in_chaos_v1:thornshell_crab":1,"minecraft:zoglin":1,"specialmobs:slabghast":1,"alexsmobs:straddler":1,"specialmobs:mothercavespider":1,"specialmobs:ghast":1,"specialmobs:cavespider":3,"specialmobs:flyingcavespider":1,"neapolitan:plantain_spider":1},"minecraft:picked_up":{"candlelight:cooking_hat":1,"minecraft:feather":1,"minecraft:basalt":2,"minecraft:prismarine_shard":2,"minecraft:salmon":2,"minecells:promenade_torch":5,"minecraft:string":4,"cannibal:bone_mask":1,"immersive_melodies:lute":1,"minecraft:activator_rail":3,"minecraft:wheat_seeds":1,"minecraft:cobbled_deepslate":2,"neapolitan:cooked_mint_chops":1,"minecraft:minecart":1,"minecraft:bamboo":1,"twilightforest:towerwood":2,"minecraft:chest":2,"minecraft:iron_sword":1,"minecraft:torch":1,"vanillacookbook:glazed_glow_berries":2,"minecraft:redstone":2,"bakery:vegetable_sandwich":2,"minecraft:prismarine_crystals":1,"minecraft:pumpkin_seeds":3,"neapolitan:mint_ice_cream":1,"minecraft:rotten_flesh":3,"convenientdecor:lime_umbrella":2,"minecraft:slime_ball":2,"minecraft:beetroot_seeds":2,"candlelight:chefs_jacket":1,"vinery:white_grape_seeds":1,"farmersdelight:rope":22,"candlelight:chefs_pants":1,"born_in_chaos_v1:spiny_shell":2,"minecraft:emerald":1,"minecraft:totem_of_undying":1,"born_in_chaos_v1:rotten_fish":2,"minecraft:cod":3,"minecraft:rail":9,"minecraft:wet_sponge":1}},"DataVersion":3465}