{"stats":{"minecraft:dropped":{"minecraft:iron_ingot":1,"minecraft:moss_block":2,"minecraft:wheat_seeds":1,"alexsmobs:animal_dictionary":1,"minecraft:mossy_cobblestone":2,"minecraft:item_frame":2,"minecraft:emerald":2,"minecraft:cobweb":7,"minecraft:allium":23,"alexsmobs:flying_fish":1,"minecraft:oak_stairs":2},"minecraft:custom":{"lootr:looted_stat":7,"minecraft:mob_kills":11,"minecraft:interact_with_crafting_table":8,"minecraft:tune_noteblock":1,"minecraft:open_barrel":4,"minecraft:leave_game":1,"minecraft:time_since_death":77938,"minecraft:sleep_in_bed":3,"minecraft:climb_one_cm":487,"minecraft:time_since_rest":10220,"minecraft:sprint_one_cm":222504,"minecraft:damage_taken":666,"minecraft:walk_one_cm":68374,"minecraft:drop":13,"minecraft:damage_dealt":793,"minecraft:swim_one_cm":2041,"minecraft:talked_to_villager":1,"minecraft:fly_one_cm":410892,"minecraft:open_chest":5,"minecraft:crouch_one_cm":1046,"minecraft:play_time":77938,"minecraft:sneak_time":579,"minecraft:walk_under_water_one_cm":2753,"minecraft:jump":1701,"minecraft:walk_on_water_one_cm":4971,"minecraft:total_world_time":77938,"minecraft:fall_one_cm":62275},"minecraft:picked_up":{"minecraft:crafting_table":3,"minecraft:allium":23,"minecraft:feather":2,"minecraft:chicken":1,"minecraft:leather_leggings":1,"minecraft:leather":6,"minecraft:oak_stairs":2,"minecraft:oak_log":9,"minecraft:gunpowder":1,"minecraft:string":2,"minecraft:lantern":1,"brewery:hops_seeds":10,"born_in_chaos_v1:intoxicating_decoction":1,"minecraft:item_frame":3,"minecraft:white_carpet":1,"minecraft:bone":10,"minecraft:experience_bottle":1,"minecraft:wheat_seeds":1,"lucky:lucky_sword":1,"minecraft:rabbit_hide":2,"minecraft:iron_ingot":1,"minecraft:cobweb":7,"minecraft:light_gray_wool":1,"minecraft:rabbit":4,"minecraft:moss_block":2,"immersive_weathering:tallow":8,"minecraft:stick":18,"born_in_chaos_v1:shattered_skull":1,"minecraft:pumpkin":9,"minecraft:gravel":6,"minecraft:porkchop":7,"minecraft:sand":11,"farmersdelight:tomato_seeds":4,"minecraft:white_bed":1,"born_in_chaos_v1:pieceofdarkmetal":1,"minecraft:leather_helmet":1,"minecraft:mossy_cobblestone":2,"graveyard:oak_coffin":2,"minecraft:white_candle":3,"minecraft:pumpkin_seeds":4,"toughasnails:water_canteen":1,"minecraft:rotten_flesh":5,"farmersdelight:onion":15,"minecraft:hay_block":17,"minecraft:emerald":3,"minecraft:jack_o_lantern":14,"minecraft:coal":101,"minecraft:cobblestone":50,"minecraft:white_wool":8,"minecraft:mutton":14,"alexsmobs:flying_fish":1},"minecraft:mined":{"brewery:wild_hops":5,"minecraft:white_bed":1,"minecraft:soul_sand":1,"minecraft:mossy_cobblestone":7,"minecraft:crafting_table":3,"biomesoplenty:bush":3,"minecraft:soul_soil":1,"denseores:dense_coal_ore":4,"minecraft:tall_grass":2,"biomesoplenty:sprout":2,"farmersdelight:wild_tomatoes":5,"minecraft:moss_block":3,"minecraft:large_fern":1,"minecraft:hay_block":17,"farmersdelight:wild_onions":15,"graveyard:oak_coffin":2,"minecraft:white_carpet":1,"minecraft:dirt_path":1,"minecraft:polished_deepslate_slab":1,"minecraft:grass":5,"realmrpg_skeletons:rookie_skeleton":1,"minecraft:coal_ore":92,"minecraft:oak_log":4,"minecraft:oak_stairs":2,"minecraft:gravel":6,"minecraft:sand":11,"lucky:lucky_block":4,"minecraft:stone":32,"minecraft:oak_leaves":9,"minecraft:tripwire":2},"minecraft:crafted":{"minecraft:oak_planks":36,"minecraft:crafting_table":1,"minecraft:wooden_pickaxe":1,"minecraft:bone_meal":6,"minecraft:bread":39,"minecraft:stick":24,"quark:oak_chest":1,"minecraft:stone_pickaxe":1,"minecraft:wooden_axe":1,"minecraft:white_bed":1,"minecraft:wheat":153},"minecraft:killed":{"minecraft:pig":2,"minecraft:rabbit":1,"minecraft:sheep":5,"minecraft:chicken":2,"alexsmobs:flying_fish":1},"minecraft:broken":{"toughasnails:water_canteen":1},"minecraft:used":{"minecraft:stone_pickaxe":125,"minecraft:oak_planks":2,"minecraft:wooden_pickaxe":23,"toughasnails:water_canteen":51,"minecraft:iron_chestplate":1,"minecraft:sand":1,"minecraft:crafting_table":3,"toughasnails:empty_canteen":1,"simplyswords:iron_halberd":16,"minecraft:white_bed":1,"minecraft:wooden_axe":12,"minecraft:lantern":1,"minecraft:bread":16,"minecraft:iron_helmet":1,"minecraft:iron_boots":1,"minecraft:cobblestone":5,"quark:oak_chest":1,"alexsmobs:animal_dictionary":1,"minecraft:iron_leggings":1,"minecraft:experience_bottle":1}},"DataVersion":3465}