{"stats":{"minecraft:dropped":{"minecraft:iron_ingot":1,"alexsmobs:animal_dictionary":1,"alexsmobs:flying_fish":1,"minecraft:oak_stairs":2,"minecraft:item_frame":2,"minecraft:emerald":2},"minecraft:custom":{"minecraft:time_since_rest":34540,"lootr:looted_stat":6,"minecraft:sprint_one_cm":111614,"minecraft:damage_taken":408,"minecraft:walk_one_cm":33594,"minecraft:mob_kills":3,"minecraft:drop":8,"minecraft:damage_dealt":140,"minecraft:swim_one_cm":2034,"minecraft:interact_with_crafting_table":1,"minecraft:tune_noteblock":1,"minecraft:fly_one_cm":200673,"minecraft:open_barrel":4,"minecraft:open_chest":3,"minecraft:crouch_one_cm":551,"minecraft:play_time":39690,"minecraft:sneak_time":331,"minecraft:walk_under_water_one_cm":1806,"minecraft:jump":881,"minecraft:walk_on_water_one_cm":4371,"minecraft:time_since_death":39690,"minecraft:sleep_in_bed":1,"minecraft:total_world_time":39690,"minecraft:fall_one_cm":35800},"minecraft:picked_up":{"minecraft:feather":2,"minecraft:chicken":1,"minecraft:oak_stairs":2,"minecraft:gravel":6,"minecraft:sand":11,"minecraft:oak_log":7,"minecraft:string":2,"minecraft:lantern":1,"born_in_chaos_v1:intoxicating_decoction":1,"minecraft:item_frame":2,"minecraft:bone":2,"toughasnails:water_canteen":1,"minecraft:rotten_flesh":5,"lucky:lucky_sword":1,"minecraft:hay_block":17,"minecraft:iron_ingot":1,"minecraft:emerald":2,"alexsmobs:flying_fish":1},"minecraft:mined":{"minecraft:hay_block":17,"minecraft:grass":1,"realmrpg_skeletons:rookie_skeleton":1,"minecraft:oak_log":2,"minecraft:oak_stairs":2,"minecraft:gravel":6,"minecraft:sand":11,"minecraft:tall_grass":2,"lucky:lucky_block":2,"minecraft:oak_leaves":5,"minecraft:tripwire":2},"minecraft:crafted":{"minecraft:oak_planks":28,"minecraft:crafting_table":1,"minecraft:bone_meal":6,"minecraft:bread":39,"minecraft:wheat":117},"minecraft:killed":{"minecraft:chicken":2,"alexsmobs:flying_fish":1},"minecraft:broken":{"toughasnails:water_canteen":1},"minecraft:used":{"minecraft:lantern":1,"minecraft:bread":6,"minecraft:oak_planks":2,"minecraft:iron_boots":1,"toughasnails:water_canteen":14,"minecraft:sand":1,"toughasnails:empty_canteen":1,"alexsmobs:animal_dictionary":1}},"DataVersion":3465}