{"stats":{"minecraft:killed_by":{"alexsmobs:orca":1},"minecraft:dropped":{"minecraft:iron_ingot":1,"minecraft:moss_block":2,"minecraft:wheat_seeds":1,"minecraft:mossy_cobblestone":2,"minecraft:dark_oak_slab":28,"minecraft:item_frame":2,"minecraft:emerald":2,"minecraft:cobweb":7,"minecraft:dark_oak_trapdoor":27,"minecraft:wooden_axe":1,"alexsmobs:flying_fish":1,"gravestone:obituary":1,"minecraft:oak_stairs":2,"toughasnails:empty_canteen":1,"alexsmobs:animal_dictionary":1,"minecraft:chicken":1,"minecraft:white_bed":1,"minecraft:allium":23,"minecraft:iron_bars":1,"minecraft:stone_pickaxe":1},"minecraft:custom":{"lootr:looted_stat":26,"minecraft:interact_with_anvil":1,"minecraft:mob_kills":16,"minecraft:interact_with_crafting_table":23,"minecraft:open_barrel":58,"minecraft:leave_game":1,"minecraft:time_since_death":58557,"minecraft:climb_one_cm":2205,"minecraft:sprint_one_cm":667330,"minecraft:walk_one_cm":168904,"minecraft:drop":34,"minecraft:talked_to_villager":1,"minecraft:play_time":209938,"minecraft:deaths":2,"minecraft:sneak_time":1093,"minecraft:walk_under_water_one_cm":10043,"minecraft:jump":3658,"minecraft:interact_with_brewingstand":2,"minecraft:walk_on_water_one_cm":14333,"minecraft:total_world_time":209938,"minecraft:interact_with_furnace":22,"minecraft:tune_noteblock":1,"minecraft:interact_with_loom":1,"minecraft:sleep_in_bed":13,"minecraft:time_since_rest":3740,"minecraft:damage_taken":1866,"minecraft:damage_absorbed":80,"minecraft:damage_dealt":1684,"minecraft:swim_one_cm":9600,"minecraft:fly_one_cm":934248,"minecraft:open_chest":23,"minecraft:crouch_one_cm":1867,"minecraft:fall_one_cm":118428},"minecraft:picked_up":{"vinery:red_grape":7,"minecraft:crafting_table":3,"minecraft:allium":23,"minecraft:wheat":186,"minecraft:chicken":1,"minecraft:flower_pot":6,"minecraft:leather_leggings":1,"minecraft:oak_stairs":2,"bakery:strawberry_seeds":1,"candlelight:lettuce_seeds":3,"farmersdelight:cutting_board":1,"minecraft:cornflower":3,"minecraft:dark_oak_trapdoor":29,"minecraft:string":2,"lucky:lucky_potion":13,"born_in_chaos_v1:intoxicating_decoction":2,"minecraft:item_frame":3,"minecraft:white_carpet":3,"minecraft:experience_bottle":1,"lucky:lucky_sword":1,"minecraft:beef":3,"minecraft:ender_eye":5,"minecraft:poppy":1,"minecraft:spruce_slab":2,"minecraft:light_gray_wool":1,"minecraft:spruce_trapdoor":1,"minecraft:stick":22,"minecraft:raw_iron":64,"born_in_chaos_v1:shattered_skull":1,"ecologics:coconut_slice":6,"farmersdelight:minced_beef":2,"minecraft:torch":4,"minecraft:spruce_stairs":3,"minecraft:porkchop":9,"farmersdelight:tomato_seeds":4,"farmersdelight:chicken_cuts":2,"born_in_chaos_v1:pieceofdarkmetal":1,"toughasnails:empty_canteen":1,"corn_delight:corn_seeds":7,"minecraft:rotten_flesh":10,"farmersdelight:onion":15,"vinery:white_grape_seeds":3,"minecraft:hay_block":17,"minecraft:mutton":16,"minecraft:iron_bars":1,"alexsmobs:flying_fish":1,"minecraft:white_wool":9,"minecraft:cobblestone":50,"candlelight:lettuce":7,"minecraft:feather":2,"minecraft:leather":8,"farmersdelight:bacon":16,"minecraft:oak_log":67,"farmersdelight:salmon_slice":2,"minecraft:gunpowder":1,"minecraft:lantern":2,"brewery:hops_seeds":22,"minecraft:bone":10,"bloomingnature:bluebell":1,"minecraft:wheat_seeds":345,"minecraft:rabbit_hide":2,"minecraft:iron_ingot":1,"minecraft:cobweb":7,"minecraft:rabbit":4,"minecraft:moss_block":2,"immersive_weathering:tallow":10,"bakery:strawberry":6,"minecraft:dark_oak_slab":28,"minecraft:pumpkin":9,"bloomingnature:amaryllis":1,"minecraft:gravel":6,"vinery:white_grape":6,"minecraft:sand":14,"minecraft:white_bed":9,"minecraft:loom":2,"immersive_weathering:dark_oak_bark":1,"farmersdelight:cooked_mutton_chops":28,"minecraft:mossy_cobblestone":2,"minecraft:leather_helmet":1,"graveyard:oak_coffin":2,"minecraft:white_candle":3,"minecraft:pumpkin_seeds":4,"minecraft:dried_kelp_block":46,"toughasnails:water_canteen":1,"minecraft:bone_meal":2,"minecraft:emerald":3,"minecraft:jack_o_lantern":14,"minecraft:oak_sapling":3,"minecraft:coal":101,"minecraft:ender_pearl":10},"minecraft:mined":{"biomesoplenty:orange_autumn_leaves":9,"minecraft:white_bed":8,"minecraft:mossy_cobblestone":7,"corn_delight:wild_corn":7,"minecraft:glow_lichen":1,"minecraft:spruce_trapdoor":1,"gravestone:gravestone":2,"biomesoplenty:bush":5,"minecraft:soul_soil":2,"bloomingnature:amaryllis":1,"minecraft:moss_block":4,"minecraft:large_fern":1,"minecraft:hay_block":17,"farmersdelight:wild_onions":15,"minecraft:dark_oak_trapdoor":29,"candlelight:wild_lettuce":10,"minecraft:iron_ore":64,"realmrpg_skeletons:rookie_skeleton":1,"minecraft:polished_deepslate_slab":1,"minecraft:dirt_path":1,"minecraft:oak_stairs":2,"minecraft:iron_bars":2,"minecraft:potted_cornflower":3,"immersive_weathering:ivy":5,"lucky:lucky_block":8,"minecraft:stone":32,"bloomingnature:bluebell":2,"minecraft:spruce_slab":2,"minecraft:tripwire":2,"brewery:wild_hops":11,"minecraft:soul_sand":2,"minecraft:crafting_table":3,"minecraft:torch":1,"bakery:wild_strawberries":7,"denseores:dense_coal_ore":4,"minecraft:tall_grass":2,"minecraft:dried_kelp_block":46,"biomesoplenty:sprout":5,"farmersdelight:wild_tomatoes":5,"vinery:white_grape_bush":1,"minecraft:wall_torch":3,"minecraft:spruce_stairs":3,"minecraft:coarse_dirt":1,"minecraft:dark_oak_slab":28,"graveyard:oak_coffin":2,"farmersdelight:cutting_board":1,"minecraft:white_carpet":3,"biomesoplenty:maple_leaves":1,"minecraft:potted_poppy":1,"minecraft:grass":10,"minecraft:oak_log":63,"minecraft:coal_ore":92,"minecraft:loom":2,"minecraft:flower_pot":2,"minecraft:sand":14,"minecraft:gravel":6,"minecraft:oak_leaves":12,"minecraft:fern":1},"minecraft:crafted":{"minecraft:oak_planks":268,"minecraft:barrel":9,"minecraft:furnace":2,"minecraft:bone_meal":6,"minecraft:cooked_mutton":14,"minecraft:iron_axe":1,"minecraft:stone_pickaxe":1,"minecraft:cooked_rabbit":4,"minecraft:wheat":153,"minecraft:cooked_beef":3,"minecraft:oak_slab":18,"minecraft:crafting_table":1,"minecraft:dried_kelp":414,"minecraft:wooden_pickaxe":1,"minecraft:iron_sword":1,"minecraft:bread":101,"minecraft:air":0,"farmersdelight:cutting_board":1,"minecraft:stick":168,"quark:oak_chest":5,"minecraft:iron_pickaxe":1,"minecraft:iron_ingot":8,"minecraft:wooden_axe":1,"minecraft:white_bed":1,"minecraft:torch":52},"minecraft:killed":{"born_in_chaos_v1:zombie_clown_not_despawn":1,"minecraft:chicken":2,"alexsmobs:flying_fish":1,"minecraft:pig":3,"minecraft:rabbit":1,"minecraft:sheep":6,"collectorsreap:chieftain_crab":1,"minecraft:cow":1},"minecraft:broken":{"toughasnails:water_canteen":6},"minecraft:used":{"minecraft:spruce_slab":1,"minecraft:dried_kelp":1,"minecraft:iron_sword":9,"graveyard:oak_coffin":2,"minecraft:iron_chestplate":1,"minecraft:torch":7,"toughasnails:empty_canteen":6,"minecraft:wooden_axe":12,"minecraft:lantern":2,"minecraft:iron_axe":152,"minecraft:iron_helmet":1,"minecraft:iron_boots":1,"minecraft:totem_of_undying":1,"minecraft:barrel":9,"farmersdelight:cutting_board":2,"minecraft:furnace":2,"farmersdelight:cooked_mutton_chops":13,"minecraft:iron_leggings":1,"minecraft:wheat_seeds":19,"minecraft:stone_pickaxe":128,"minecraft:oak_planks":2,"minecraft:wooden_pickaxe":23,"toughasnails:water_canteen":116,"minecraft:dark_oak_trapdoor":2,"minecraft:sand":1,"minecraft:crafting_table":4,"simplyswords:iron_halberd":26,"minecraft:white_bed":8,"minecraft:apple":3,"minecraft:melon_slice":16,"minecraft:bread":21,"minecraft:iron_pickaxe":65,"ecologics:coconut_slice":4,"bloomingnature:amaryllis":1,"minecraft:cobblestone":7,"minecraft:cooked_rabbit":2,"quark:oak_chest":5,"alexsmobs:animal_dictionary":1,"minecraft:experience_bottle":1}},"DataVersion":3465}