{
  "takesapillage:root": {
    "criteria": {
      "always": "2024-08-15 19:46:39 +0000"
    },
    "done": true
  },
  "aquaculture:recipes/aquaculture/heavy_hook": {
    "criteria": {
      "has_items": "2024-08-15 19:46:39 +0000"
    },
    "done": false
  },
  "mcwfences:recipes/dark_oak": {
    "criteria": {
      "has_dark_oak": "2024-08-15 19:46:39 +0000"
    },
    "done": true
  },
  "aquaculture:recipes/misc/neptunium_ingot_from_neptunium_block": {
    "criteria": {
      "has_items": "2024-08-15 19:46:39 +0000"
    },
    "done": false
  },
  "mcwfences:recipes/crimson": {
    "criteria": {
      "has_crimson": "2024-08-15 19:46:39 +0000"
    },
    "done": true
  },
  "create:root": {
    "criteria": {
      "0": "2024-08-15 19:46:39 +0000"
    },
    "done": true
  },
  "minecraft:recipes/decorations/crafting_table": {
    "criteria": {
      "unlock_right_away": "2024-08-15 19:46:39 +0000",
      "has_the_recipe": "2024-08-16 21:45:34 +0000"
    },
    "done": true
  },
  "mcwfences:recipes/jungle": {
    "criteria": {
      "has_jungle": "2024-08-15 19:46:39 +0000"
    },
    "done": true
  },
  "naturalist:recipes/food/cooked_egg": {
    "criteria": {
      "has_eggs": "2024-08-15 19:46:39 +0000"
    },
    "done": false
  },
  "mcwfences:recipes/warped": {
    "criteria": {
      "has_warped": "2024-08-15 19:46:39 +0000"
    },
    "done": true
  },
  "aquaculture:recipes/decorations/acacia_fish_mount": {
    "criteria": {
      "has_items": "2024-08-15 19:46:39 +0000"
    },
    "done": false
  },
  "betterdungeons:root": {
    "criteria": {
      "always": "2024-08-15 19:46:39 +0000"
    },
    "done": true
  },
  "aquaculture:recipes/aquaculture/light_hook": {
    "criteria": {
      "has_items": "2024-08-15 19:46:39 +0000"
    },
    "done": false
  },
  "born_in_chaos_v1:bornin_chaos": {
    "criteria": {
      "bornin_chaos_0": "2024-08-15 19:46:39 +0000"
    },
    "done": true
  },
  "mcwfences:recipes/birch": {
    "criteria": {
      "has_birch": "2024-08-15 19:46:39 +0000"
    },
    "done": true
  },
  "mcwfences:recipes/stone": {
    "criteria": {
      "has_stone": "2024-08-15 19:46:39 +0000"
    },
    "done": true
  },
  "aquaculture:recipes/tools/iron_fishing_rod": {
    "criteria": {
      "has_vanilla_rod": "2024-08-15 19:46:39 +0000"
    },
    "done": false
  },
  "mcwfences:recipes/sandstone": {
    "criteria": {
      "has_sand": "2024-08-15 19:46:39 +0000"
    },
    "done": true
  },
  "aquaculture:recipes/decorations/oak_fish_mount": {
    "criteria": {
      "has_items": "2024-08-15 19:46:39 +0000"
    },
    "done": false
  },
  "mcwfences:recipes/acacia": {
    "criteria": {
      "has_acacia": "2024-08-15 19:46:39 +0000"
    },
    "done": true
  },
  "mcwfences:recipes/oak": {
    "criteria": {
      "has_oak": "2024-08-15 19:46:39 +0000"
    },
    "done": true
  },
  "aquaculture:recipes/aquaculture/double_hook": {
    "criteria": {
      "has_items": "2024-08-15 19:46:39 +0000"
    },
    "done": false
  },
  "mcwfences:recipes/hedge": {
    "criteria": {
      "has_birch": "2024-08-15 19:46:39 +0000"
    },
    "done": true
  },
  "herbalbrews:main/root": {
    "criteria": {
      "seeds": "2024-08-15 19:46:39 +0000"
    },
    "done": true
  },
  "betterdeserttemples:root": {
    "criteria": {
      "always": "2024-08-15 19:46:39 +0000"
    },
    "done": true
  },
  "aquaculture:recipes/aquaculture/fishing_line": {
    "criteria": {
      "has_items": "2024-08-15 19:46:39 +0000"
    },
    "done": false
  },
  "aquaculture:recipes/aquaculture/iron_hook": {
    "criteria": {
      "has_items": "2024-08-15 19:46:39 +0000"
    },
    "done": false
  },
  "vinery:main/root": {
    "criteria": {
      "seeds": "2024-08-15 19:46:39 +0000"
    },
    "done": true
  },
  "aquaculture:recipes/misc/jellyfish_to_slimeball": {
    "criteria": {
      "has_items": "2024-08-15 19:46:39 +0000"
    },
    "done": false
  },
  "aquaculture:recipes/tools/diamond_fishing_rod": {
    "criteria": {
      "has_vanilla_rod": "2024-08-15 19:46:39 +0000"
    },
    "done": false
  },
  "aquaculture:recipes/misc/tin_can_to_iron_nugget": {
    "criteria": {
      "has_items": "2024-08-15 19:46:39 +0000"
    },
    "done": false
  },
  "aquaculture:recipes/decorations/birch_fish_mount": {
    "criteria": {
      "has_items": "2024-08-15 19:46:39 +0000"
    },
    "done": false
  },
  "mcwfences:recipes/prismarine": {
    "criteria": {
      "has_qq": "2024-08-15 19:46:39 +0000"
    },
    "done": true
  },
  "mcwfences:recipes/quartz": {
    "criteria": {
      "has_qq": "2024-08-15 19:46:39 +0000"
    },
    "done": true
  },
  "aquaculture:recipes/misc/iron_nugget_from_smelting": {
    "criteria": {
      "has_fishing_rod": "2024-08-15 19:46:39 +0000",
      "has_fillet_knife": "2024-08-15 19:46:39 +0000"
    },
    "done": false
  },
  "aquaculture:recipes/tools/golden_fishing_rod": {
    "criteria": {
      "has_vanilla_rod": "2024-08-15 19:46:39 +0000"
    },
    "done": false
  },
  "aquaculture:recipes/misc/gold_nugget_from_smelting": {
    "criteria": {
      "has_fishing_rod": "2024-08-15 19:46:39 +0000",
      "has_fillet_knife": "2024-08-15 19:46:39 +0000"
    },
    "done": false
  },
  "beautify:progression/root": {
    "criteria": {
      "Install": "2024-08-15 19:46:39 +0000"
    },
    "done": true
  },
  "mcwfences:recipes/mangrove": {
    "criteria": {
      "has_mangrove": "2024-08-15 19:46:39 +0000"
    },
    "done": true
  },
  "aquaculture:recipes/misc/bonemeal_from_fish_bones": {
    "criteria": {
      "has_items": "2024-08-15 19:46:39 +0000"
    },
    "done": false
  },
  "mcwfences:recipes/nether": {
    "criteria": {
      "has_nether_brick": "2024-08-15 19:46:39 +0000"
    },
    "done": true
  },
  "mcwfences:recipes/bamboo": {
    "criteria": {
      "has_bamboo": "2024-08-15 19:46:39 +0000"
    },
    "done": true
  },
  "aquaculture:recipes/misc/brown_mushroom_from_fish": {
    "criteria": {
      "has_items": "2024-08-15 19:46:39 +0000"
    },
    "done": false
  },
  "mcwfences:recipes/spruce": {
    "criteria": {
      "has_spruce": "2024-08-15 19:46:39 +0000"
    },
    "done": true
  },
  "aquaculture:recipes/misc/neptinium_ingot_from_blasting": {
    "criteria": {
      "has_leggings": "2024-08-15 19:46:39 +0000",
      "has_axe": "2024-08-15 19:46:39 +0000",
      "has_helmet": "2024-08-15 19:46:39 +0000",
      "has_fishing_rod": "2024-08-15 19:46:39 +0000",
      "has_bow": "2024-08-15 19:46:39 +0000",
      "has_chestplate": "2024-08-15 19:46:39 +0000",
      "has_sword": "2024-08-15 19:46:39 +0000",
      "has_fillet_knife": "2024-08-15 19:46:39 +0000",
      "has_shovel": "2024-08-15 19:46:39 +0000",
      "has_hoe": "2024-08-15 19:46:39 +0000",
      "has_boots": "2024-08-15 19:46:39 +0000",
      "has_pickaxe": "2024-08-15 19:46:39 +0000"
    },
    "done": false
  },
  "aquaculture:recipes/decorations/dark_oak_fish_mount": {
    "criteria": {
      "has_items": "2024-08-15 19:46:39 +0000"
    },
    "done": false
  },
  "bakery:main/root": {
    "criteria": {
      "seeds": "2024-08-15 19:46:39 +0000"
    },
    "done": true
  },
  "aquaculture:recipes/aquaculture/diamond_hook": {
    "criteria": {
      "has_items": "2024-08-15 19:46:39 +0000"
    },
    "done": false
  },
  "aquaculture:recipes/food/sushi": {
    "criteria": {
      "has_alt_items": "2024-08-15 19:46:39 +0000",
      "has_items": "2024-08-15 19:46:39 +0000"
    },
    "done": false
  },
  "aquaculture:recipes/misc/red_mushroom_from_fish": {
    "criteria": {
      "has_items": "2024-08-15 19:46:39 +0000"
    },
    "done": false
  },
  "aquaculture:recipes/building_blocks/planks_from_driftwood": {
    "criteria": {
      "has_items": "2024-08-15 19:46:39 +0000"
    },
    "done": false
  },
  "mcwfences:recipes/end": {
    "criteria": {
      "has_end_brick": "2024-08-15 19:46:39 +0000"
    },
    "done": true
  },
  "aquaculture:recipes/aquaculture/worm_farm": {
    "criteria": {
      "has_items": "2024-08-15 19:46:39 +0000"
    },
    "done": false
  },
  "aquaculture:recipes/aquaculture/note_hook": {
    "criteria": {
      "has_items": "2024-08-15 19:46:39 +0000"
    },
    "done": false
  },
  "aquaculture:recipes/food/cooked_fish_fillet_from_campfire": {
    "criteria": {
      "has_items": "2024-08-15 19:46:39 +0000"
    },
    "done": false
  },
  "aquaculture:recipes/aquaculture/gold_hook": {
    "criteria": {
      "has_items": "2024-08-15 19:46:39 +0000"
    },
    "done": false
  },
  "aquaculture:recipes/decorations/spruce_fish_mount": {
    "criteria": {
      "has_items": "2024-08-15 19:46:39 +0000"
    },
    "done": false
  },
  "mcwfences:recipes/mud_brick": {
    "criteria": {
      "has_qq": "2024-08-15 19:46:39 +0000"
    },
    "done": true
  },
  "lootr:root": {
    "criteria": {
      "always_true": "2024-08-15 19:46:39 +0000"
    },
    "done": true
  },
  "mcwfences:recipes/blackstone": {
    "criteria": {
      "has_blackstone": "2024-08-15 19:46:39 +0000"
    },
    "done": true
  },
  "aquaculture:recipes/misc/tin_can_to_iron_nugget_from_blasting": {
    "criteria": {
      "has_items": "2024-08-15 19:46:39 +0000"
    },
    "done": false
  },
  "cataclysm:root": {
    "criteria": {
      "custom_test_name": "2024-08-15 19:46:39 +0000"
    },
    "done": true
  },
  "mcwfences:recipes/deepslate": {
    "criteria": {
      "has_deepslate": "2024-08-15 19:46:39 +0000"
    },
    "done": true
  },
  "aquaculture:recipes/aquaculture/redstone_hook": {
    "criteria": {
      "has_items": "2024-08-15 19:46:39 +0000"
    },
    "done": false
  },
  "aquaculture:recipes/misc/gold_nugget_from_blasting": {
    "criteria": {
      "has_fishing_rod": "2024-08-15 19:46:39 +0000",
      "has_fillet_knife": "2024-08-15 19:46:39 +0000"
    },
    "done": false
  },
  "aquaculture:recipes/aquaculture/bobber": {
    "criteria": {
      "has_items": "2024-08-15 19:46:39 +0000"
    },
    "done": false
  },
  "aquaculture:recipes/misc/gold_nugget_from_gold_fish": {
    "criteria": {
      "has_items": "2024-08-15 19:46:39 +0000"
    },
    "done": false
  },
  "aquaculture:recipes/food/cooked_fish_fillet_from_smoking": {
    "criteria": {
      "has_items": "2024-08-15 19:46:39 +0000"
    },
    "done": false
  },
  "farmersdelight:main/root": {
    "criteria": {
      "seeds": "2024-08-15 19:46:39 +0000"
    },
    "done": true
  },
  "aquaculture:recipes/food/cooked_fish_fillet": {
    "criteria": {
      "has_items": "2024-08-15 19:46:39 +0000"
    },
    "done": false
  },
  "brewery:main/root": {
    "criteria": {
      "seeds": "2024-08-15 19:46:39 +0000"
    },
    "done": true
  },
  "aquaculture:recipes/misc/neptunium_ingot_from_nuggets": {
    "criteria": {
      "has_items": "2024-08-15 19:46:39 +0000"
    },
    "done": false
  },
  "aquaculture:recipes/misc/iron_nugget_from_blasting": {
    "criteria": {
      "has_fishing_rod": "2024-08-15 19:46:39 +0000",
      "has_fillet_knife": "2024-08-15 19:46:39 +0000"
    },
    "done": false
  },
  "candlelight:main/root": {
    "criteria": {
      "seeds": "2024-08-15 19:46:39 +0000"
    },
    "done": true
  },
  "aquaculture:recipes/decorations/jungle_fish_mount": {
    "criteria": {
      "has_items": "2024-08-15 19:46:39 +0000"
    },
    "done": false
  },
  "betterend:root": {
    "criteria": {
      "welcome": "2024-08-15 19:46:40 +0000"
    },
    "done": true
  },
  "biomesoplenty:biomesoplenty/root": {
    "criteria": {
      "shrubland": "2024-08-15 19:46:40 +0000",
      "rocky_shrubland": "2024-08-15 20:15:42 +0000",
      "clover_patch": "2024-08-15 20:09:15 +0000",
      "maple_woods": "2024-08-15 20:16:18 +0000",
      "field": "2024-08-15 20:16:17 +0000",
      "redwood_forest": "2024-08-15 20:23:04 +0000",
      "seasonal_forest": "2024-08-15 20:25:05 +0000",
      "grassland": "2024-08-15 20:11:40 +0000"
    },
    "done": false
  },
  "biomesoplenty:biomesoplenty/all_biomes": {
    "criteria": {
      "shrubland": "2024-08-15 19:46:40 +0000",
      "rocky_shrubland": "2024-08-15 20:15:42 +0000",
      "clover_patch": "2024-08-15 20:09:15 +0000",
      "maple_woods": "2024-08-15 20:16:18 +0000",
      "field": "2024-08-15 20:16:17 +0000",
      "redwood_forest": "2024-08-15 20:23:04 +0000",
      "seasonal_forest": "2024-08-15 20:25:05 +0000",
      "grassland": "2024-08-15 20:11:40 +0000"
    },
    "done": false
  },
  "minecraft:adventure/adventuring_time": {
    "criteria": {
      "minecraft:birch_forest": "2024-08-15 20:23:13 +0000",
      "minecraft:beach": "2024-08-15 20:23:00 +0000",
      "minecraft:dark_forest": "2024-08-15 20:20:48 +0000",
      "minecraft:cold_ocean": "2024-08-15 20:22:56 +0000",
      "minecraft:forest": "2024-08-15 20:14:40 +0000",
      "minecraft:ocean": "2024-08-15 20:11:41 +0000",
      "minecraft:plains": "2024-08-15 20:15:05 +0000"
    },
    "done": false
  },
  "cfm:recipes/decorations/oak_coffee_table": {
    "criteria": {
      "has_log": "2024-08-16 21:40:41 +0000",
      "has_planks": "2024-08-16 21:45:31 +0000"
    },
    "done": false
  },
  "cfm:recipes/decorations/oak_desk_cabinet": {
    "criteria": {
      "has_log": "2024-08-16 21:40:41 +0000",
      "has_planks": "2024-08-16 21:45:31 +0000"
    },
    "done": false
  },
  "cfm:recipes/decorations/stripped_oak_kitchen_drawer": {
    "criteria": {
      "has_log": "2024-08-16 21:40:41 +0000"
    },
    "done": false
  },
  "mcwtrpdoors:recipes/oak/oak_mystic_trapdoor": {
    "criteria": {
      "has_logs": "2024-08-16 21:40:41 +0000"
    },
    "done": false
  },
  "cfm:recipes/decorations/oak_upgraded_fence": {
    "criteria": {
      "has_log": "2024-08-16 21:40:41 +0000"
    },
    "done": false
  },
  "mcwtrpdoors:recipes/oak/oak_beach_trapdoor": {
    "criteria": {
      "has_logs": "2024-08-16 21:40:41 +0000"
    },
    "done": false
  },
  "cfm:recipes/decorations/oak_blinds": {
    "criteria": {
      "has_log": "2024-08-16 21:40:41 +0000"
    },
    "done": false
  },
  "cfm:recipes/decorations/oak_table": {
    "criteria": {
      "has_log": "2024-08-16 21:40:41 +0000",
      "has_planks": "2024-08-16 21:45:31 +0000"
    },
    "done": false
  },
  "minecraft:recipes/building_blocks/oak_planks": {
    "criteria": {
      "has_logs": "2024-08-16 21:40:41 +0000",
      "has_the_recipe": "2024-08-16 21:45:31 +0000"
    },
    "done": true
  },
  "mcwtrpdoors:recipes/oak/oak_barred_trapdoor": {
    "criteria": {
      "has_logs": "2024-08-16 21:40:41 +0000"
    },
    "done": false
  },
  "cfm:recipes/decorations/stripped_oak_desk": {
    "criteria": {
      "has_planks": "2024-08-16 21:40:41 +0000"
    },
    "done": false
  },
  "cfm:recipes/decorations/oak_kitchen_counter": {
    "criteria": {
      "has_log": "2024-08-16 21:40:41 +0000",
      "has_planks": "2024-08-16 21:45:31 +0000"
    },
    "done": false
  },
  "cfm:recipes/decorations/stripped_oak_kitchen_counter": {
    "criteria": {
      "has_log": "2024-08-16 21:40:41 +0000"
    },
    "done": false
  },
  "vinery:recipes/stackable_log": {
    "criteria": {
      "has_oak_log": "2024-08-16 21:40:41 +0000"
    },
    "done": false
  },
  "cfm:recipes/decorations/stripped_oak_table": {
    "criteria": {
      "has_planks": "2024-08-16 21:40:41 +0000"
    },
    "done": false
  },
  "cfm:recipes/decorations/stripped_oak_desk_cabinet": {
    "criteria": {
      "has_planks": "2024-08-16 21:40:41 +0000"
    },
    "done": false
  },
  "mcwwindows:recipes/oak": {
    "criteria": {
      "has_wood": "2024-08-16 21:40:41 +0000"
    },
    "done": false
  },
  "immersive_armors:recipes/misc/wooden": {
    "criteria": {
      "has_item": "2024-08-16 21:40:41 +0000"
    },
    "done": true
  },
  "cfm:recipes/decorations/oak_chair": {
    "criteria": {
      "has_log": "2024-08-16 21:40:41 +0000",
      "has_planks": "2024-08-16 21:45:31 +0000"
    },
    "done": false
  },
  "cfm:recipes/decorations/stripped_oak_cabinet": {
    "criteria": {
      "has_log": "2024-08-16 21:40:41 +0000"
    },
    "done": false
  },
  "mcwtrpdoors:recipes/oak/oak_four_panel_trapdoor": {
    "criteria": {
      "has_logs": "2024-08-16 21:40:41 +0000"
    },
    "done": false
  },
  "mcwtrpdoors:recipes/acacia/oak_bark_trapdoor": {
    "criteria": {
      "has_logs": "2024-08-16 21:40:41 +0000"
    },
    "done": false
  },
  "mcwtrpdoors:recipes/oak/oak_barrel_trapdoor": {
    "criteria": {
      "has_logs": "2024-08-16 21:40:41 +0000"
    },
    "done": false
  },
  "cfm:recipes/decorations/oak_park_bench": {
    "criteria": {
      "has_log": "2024-08-16 21:40:41 +0000",
      "has_planks": "2024-08-16 21:45:31 +0000"
    },
    "done": false
  },
  "cfm:recipes/decorations/oak_cabinet": {
    "criteria": {
      "has_log": "2024-08-16 21:40:41 +0000",
      "has_planks": "2024-08-16 21:45:31 +0000"
    },
    "done": false
  },
  "cfm:recipes/decorations/oak_kitchen_drawer": {
    "criteria": {
      "has_log": "2024-08-16 21:40:41 +0000",
      "has_planks": "2024-08-16 21:45:31 +0000"
    },
    "done": false
  },
  "mcwtrpdoors:recipes/oak/oak_swamp_trapdoor": {
    "criteria": {
      "has_logs": "2024-08-16 21:40:41 +0000"
    },
    "done": false
  },
  "mcwtrpdoors:recipes/oak/oak_paper_trapdoor": {
    "criteria": {
      "has_logs": "2024-08-16 21:40:41 +0000"
    },
    "done": false
  },
  "cfm:recipes/decorations/oak_crate": {
    "criteria": {
      "has_log": "2024-08-16 21:40:41 +0000",
      "has_planks": "2024-08-16 21:45:31 +0000"
    },
    "done": false
  },
  "mcwwindows:recipes/components": {
    "criteria": {
      "has_wood": "2024-08-16 21:40:41 +0000"
    },
    "done": false
  },
  "mcwtrpdoors:recipes/oak/oak_glass_trapdoor": {
    "criteria": {
      "has_logs": "2024-08-16 21:40:41 +0000"
    },
    "done": false
  },
  "minecraft:recipes/misc/charcoal": {
    "criteria": {
      "has_log": "2024-08-16 21:40:41 +0000"
    },
    "done": false
  },
  "cfm:recipes/decorations/oak_upgraded_gate": {
    "criteria": {
      "has_log": "2024-08-16 21:40:41 +0000"
    },
    "done": false
  },
  "cfm:recipes/decorations/oak_desk": {
    "criteria": {
      "has_log": "2024-08-16 21:40:41 +0000",
      "has_planks": "2024-08-16 21:45:31 +0000"
    },
    "done": false
  },
  "mcwtrpdoors:recipes/oak/oak_cottage_trapdoor": {
    "criteria": {
      "has_logs": "2024-08-16 21:40:41 +0000"
    },
    "done": false
  },
  "mcwfurnitures:recipes/oak": {
    "criteria": {
      "has_wood": "2024-08-16 21:40:41 +0000"
    },
    "done": false
  },
  "mcwtrpdoors:recipes/oak/oak_barn_trapdoor": {
    "criteria": {
      "has_logs": "2024-08-16 21:40:41 +0000"
    },
    "done": false
  },
  "securitycraft:recipes/misc/sc_manual": {
    "criteria": {
      "has_wood": "2024-08-16 21:40:41 +0000"
    },
    "done": false
  },
  "minecraft:recipes/building_blocks/oak_wood": {
    "criteria": {
      "has_log": "2024-08-16 21:40:41 +0000"
    },
    "done": false
  },
  "cfm:recipes/decorations/stripped_oak_crate": {
    "criteria": {
      "has_planks": "2024-08-16 21:40:41 +0000"
    },
    "done": false
  },
  "cfm:recipes/decorations/oak_bedside_cabinet": {
    "criteria": {
      "has_log": "2024-08-16 21:40:41 +0000",
      "has_planks": "2024-08-16 21:45:31 +0000"
    },
    "done": false
  },
  "cfm:recipes/decorations/stripped_oak_bedside_cabinet": {
    "criteria": {
      "has_planks": "2024-08-16 21:40:41 +0000"
    },
    "done": false
  },
  "mcwtrpdoors:recipes/oak/oak_tropical_trapdoor": {
    "criteria": {
      "has_logs": "2024-08-16 21:40:41 +0000"
    },
    "done": false
  },
  "mcwtrpdoors:recipes/print_classic": {
    "criteria": {
      "has_logs": "2024-08-16 21:40:41 +0000"
    },
    "done": false
  },
  "cfm:recipes/decorations/stripped_oak_park_bench": {
    "criteria": {
      "has_log": "2024-08-16 21:40:41 +0000"
    },
    "done": false
  },
  "cfm:recipes/decorations/stripped_oak_coffee_table": {
    "criteria": {
      "has_planks": "2024-08-16 21:40:41 +0000"
    },
    "done": false
  },
  "vinery:recipes/grapevine_stem": {
    "criteria": {
      "has_oak_log": "2024-08-16 21:40:41 +0000"
    },
    "done": false
  },
  "mcwbridges:recipes/oak_bridge_pier": {
    "criteria": {
      "has_planks": "2024-08-16 21:40:41 +0000"
    },
    "done": false
  },
  "mcwroofs:recipes/oak": {
    "criteria": {
      "has_planks": "2024-08-16 21:40:41 +0000"
    },
    "done": true
  },
  "mcwtrpdoors:recipes/oak/oak_ranch_trapdoor": {
    "criteria": {
      "has_logs": "2024-08-16 21:40:41 +0000"
    },
    "done": false
  },
  "cfm:recipes/decorations/stripped_oak_chair": {
    "criteria": {
      "has_planks": "2024-08-16 21:40:41 +0000"
    },
    "done": false
  },
  "mcwdoors:recipes/oak": {
    "criteria": {
      "has_wood": "2024-08-16 21:40:41 +0000"
    },
    "done": false
  },
  "minecraft:recipes/decorations/ladder": {
    "criteria": {
      "has_stick": "2024-08-16 21:45:34 +0000"
    },
    "done": false
  },
  "betterend:recipes/decorations/lacugrove_bar_stool": {
    "criteria": {
      "has_stick": "2024-08-16 21:45:34 +0000"
    },
    "done": false
  },
  "securitycraft:recipes/redstone/reinforced_birch_fence_gate": {
    "criteria": {
      "has_stick": "2024-08-16 21:45:34 +0000"
    },
    "done": false
  },
  "shieldexp:recipes/wooden_shield": {
    "criteria": {
      "has_stick": "2024-08-16 21:45:34 +0000"
    },
    "done": false
  },
  "securitycraft:recipes/redstone/reinforced_jungle_fence_gate": {
    "criteria": {
      "has_stick": "2024-08-16 21:45:34 +0000"
    },
    "done": false
  },
  "refurbished_furniture:recipes/misc/constructing/green_stool": {
    "criteria": {
      "has_planks": "2024-08-16 21:45:31 +0000"
    },
    "done": false
  },
  "betterend:recipes/decorations/lucernia_chair": {
    "criteria": {
      "has_stick": "2024-08-16 21:45:34 +0000"
    },
    "done": false
  },
  "paraglider:root": {
    "criteria": {
      "crafting_table": "2024-08-16 21:45:34 +0000"
    },
    "done": true
  },
  "betterend:recipes/decorations/lacugrove_taburet": {
    "criteria": {
      "has_stick": "2024-08-16 21:45:34 +0000"
    },
    "done": false
  },
  "refurbished_furniture:recipes/misc/constructing/oak_kitchen_drawer": {
    "criteria": {
      "has_oak_planks": "2024-08-16 21:45:31 +0000"
    },
    "done": false
  },
  "betterend:recipes/decorations/helix_tree_sign": {
    "criteria": {
      "has_stick": "2024-08-16 21:45:34 +0000"
    },
    "done": false
  },
  "betterend:recipes/decorations/jellyshroom_chair": {
    "criteria": {
      "has_stick": "2024-08-16 21:45:34 +0000"
    },
    "done": false
  },
  "betterend:recipes/decorations/end_lotus_ladder": {
    "criteria": {
      "has_stick": "2024-08-16 21:45:34 +0000"
    },
    "done": false
  },
  "refurbished_furniture:recipes/misc/constructing/red_lamp": {
    "criteria": {
      "has_planks": "2024-08-16 21:45:31 +0000"
    },
    "done": false
  },
  "vanillacookbook:recipes/bread": {
    "criteria": {
      "has_bread": "2024-08-16 21:49:34 +0000"
    },
    "done": true
  },
  "supplementaries:recipes/flags/flag_magenta": {
    "criteria": {
      "has_stick": "2024-08-16 21:45:34 +0000"
    },
    "done": false
  },
  "betterend:recipes/decorations/tenanea_taburet": {
    "criteria": {
      "has_stick": "2024-08-16 21:45:34 +0000"
    },
    "done": false
  },
  "minecraft:recipes/tools/wooden_axe": {
    "criteria": {
      "has_stick": "2024-08-16 21:45:34 +0000"
    },
    "done": false
  },
  "betterend:recipes/decorations/pythadendron_fence": {
    "criteria": {
      "has_stick": "2024-08-16 21:45:34 +0000"
    },
    "done": false
  },
  "bakery:recipes/cabinet": {
    "criteria": {
      "has_oak_planks": "2024-08-16 21:45:31 +0000"
    },
    "done": false
  },
  "refurbished_furniture:recipes/misc/constructing/yellow_sofa": {
    "criteria": {
      "has_planks": "2024-08-16 21:45:31 +0000"
    },
    "done": false
  },
  "refurbished_furniture:recipes/misc/constructing/orange_sofa": {
    "criteria": {
      "has_planks": "2024-08-16 21:45:31 +0000"
    },
    "done": false
  },
  "minecraft:recipes/decorations/chest": {
    "criteria": {
      "has_lots_of_items": "2024-08-16 21:50:00 +0000"
    },
    "done": false
  },
  "minecraft:recipes/misc/stick": {
    "criteria": {
      "has_the_recipe": "2024-08-16 21:45:34 +0000",
      "has_planks": "2024-08-16 21:45:31 +0000"
    },
    "done": true
  },
  "minecraft:adventure/sleep_in_bed": {
    "criteria": {
      "slept_in_bed": "2024-08-16 21:52:03 +0000"
    },
    "done": true
  },
  "refurbished_furniture:recipes/misc/constructing/oak_light_ceiling_fan": {
    "criteria": {
      "has_oak_planks": "2024-08-16 21:45:31 +0000"
    },
    "done": false
  },
  "betterend:recipes/decorations/lacugrove_chair": {
    "criteria": {
      "has_stick": "2024-08-16 21:45:34 +0000"
    },
    "done": false
  },
  "mcwwindows:recipes/curtain_rods": {
    "criteria": {
      "has_wood": "2024-08-16 21:45:34 +0000"
    },
    "done": false
  },
  "refurbished_furniture:recipes/misc/constructing/magenta_stool": {
    "criteria": {
      "has_planks": "2024-08-16 21:45:31 +0000"
    },
    "done": false
  },
  "refurbished_furniture:recipes/misc/constructing/oak_drawer": {
    "criteria": {
      "has_oak_planks": "2024-08-16 21:45:31 +0000"
    },
    "done": false
  },
  "refurbished_furniture:recipes/misc/constructing/birch_lattice_fence": {
    "criteria": {
      "has_stick": "2024-08-16 21:45:34 +0000"
    },
    "done": false
  },
  "mcwwindows:recipes/parapets": {
    "criteria": {
      "has_wood": "2024-08-16 21:45:31 +0000"
    },
    "done": false
  },
  "securitycraft:recipes/decorations/display_case": {
    "criteria": {
      "has_item_frame": "2024-08-16 21:49:33 +0000"
    },
    "done": false
  },
  "betterend:recipes/decorations/umbrella_tree_fence": {
    "criteria": {
      "has_stick": "2024-08-16 21:45:34 +0000"
    },
    "done": false
  },
  "refurbished_furniture:recipes/misc/constructing/brown_cooler": {
    "criteria": {
      "has_planks": "2024-08-16 21:45:31 +0000"
    },
    "done": false
  },
  "refurbished_furniture:recipes/misc/constructing/cyan_cooler": {
    "criteria": {
      "has_planks": "2024-08-16 21:45:31 +0000"
    },
    "done": false
  },
  "supplementaries:recipes/daub_cross_brace": {
    "criteria": {
      "forge:rods/wooden": "2024-08-16 21:45:34 +0000"
    },
    "done": false
  },
  "betterend:recipes/decorations/jellyshroom_sign": {
    "criteria": {
      "has_stick": "2024-08-16 21:45:34 +0000"
    },
    "done": false
  },
  "betterend:recipes/redstone/tenanea_gate": {
    "criteria": {
      "has_stick": "2024-08-16 21:45:34 +0000"
    },
    "done": false
  },
  "betterend:recipes/decorations/dragon_tree_taburet": {
    "criteria": {
      "has_stick": "2024-08-16 21:45:34 +0000"
    },
    "done": false
  },
  "create:recipes/misc/crafting/appliances/tree_fertilizer": {
    "criteria": {
      "has_item": "2024-08-16 21:49:59 +0000"
    },
    "done": false
  },
  "refurbished_furniture:recipes/misc/constructing/lime_stool": {
    "criteria": {
      "has_planks": "2024-08-16 21:45:31 +0000"
    },
    "done": false
  },
  "securitycraft:recipes/redstone/reinforced_bamboo_fence_gate": {
    "criteria": {
      "has_stick": "2024-08-16 21:45:34 +0000"
    },
    "done": false
  },
  "minecraft:recipes/building_blocks/oak_slab": {
    "criteria": {
      "has_planks": "2024-08-16 21:45:31 +0000"
    },
    "done": false
  },
  "farmersdelight:recipes/food/roasted_mutton_chops": {
    "criteria": {
      "has_mutton": "2024-08-16 21:49:36 +0000"
    },
    "done": false
  },
  "betterend:recipes/decorations/helix_tree_fence": {
    "criteria": {
      "has_stick": "2024-08-16 21:45:34 +0000"
    },
    "done": false
  },
  "betterend:recipes/redstone/pythadendron_gate": {
    "criteria": {
      "has_stick": "2024-08-16 21:45:34 +0000"
    },
    "done": false
  },
  "refurbished_furniture:recipes/misc/constructing/light_gray_sofa": {
    "criteria": {
      "has_planks": "2024-08-16 21:45:31 +0000"
    },
    "done": false
  },
  "betterend:recipes/decorations/helix_tree_ladder": {
    "criteria": {
      "has_stick": "2024-08-16 21:45:34 +0000"
    },
    "done": false
  },
  "betterend:recipes/decorations/lacugrove_sign": {
    "criteria": {
      "has_stick": "2024-08-16 21:45:34 +0000"
    },
    "done": false
  },
  "betterend:recipes/decorations/umbrella_tree_ladder": {
    "criteria": {
      "has_stick": "2024-08-16 21:45:34 +0000"
    },
    "done": false
  },
  "minecraft:recipes/decorations/campfire": {
    "criteria": {
      "has_stick": "2024-08-16 21:45:34 +0000"
    },
    "done": false
  },
  "refurbished_furniture:recipes/misc/constructing/dark_oak_lattice_fence": {
    "criteria": {
      "has_stick": "2024-08-16 21:45:34 +0000"
    },
    "done": false
  },
  "bakery:recipes/rolling_pin": {
    "criteria": {
      "has_oak_planks": "2024-08-16 21:45:31 +0000"
    },
    "done": false
  },
  "supplementaries:recipes/timber_brace": {
    "criteria": {
      "forge:rods/wooden": "2024-08-16 21:45:34 +0000"
    },
    "done": false
  },
  "betterend:recipes/decorations/end_lotus_taburet": {
    "criteria": {
      "has_stick": "2024-08-16 21:45:34 +0000"
    },
    "done": false
  },
  "refurbished_furniture:recipes/misc/constructing/oak_kitchen_cabinetry": {
    "criteria": {
      "has_oak_planks": "2024-08-16 21:45:31 +0000"
    },
    "done": false
  },
  "mcwtrpdoors:recipes/oak/oak_blossom_trapdoor": {
    "criteria": {
      "has_plankss": "2024-08-16 21:45:31 +0000"
    },
    "done": false
  },
  "minecraft:recipes/redstone/oak_door": {
    "criteria": {
      "has_planks": "2024-08-16 21:45:31 +0000"
    },
    "done": false
  },
  "supplementaries:recipes/turn_table": {
    "criteria": {
      "minecraft:planks": "2024-08-16 21:45:31 +0000"
    },
    "done": false
  },
  "securitycraft:recipes/redstone/reinforced_dark_oak_fence_gate": {
    "criteria": {
      "has_stick": "2024-08-16 21:45:34 +0000"
    },
    "done": false
  },
  "betterend:recipes/decorations/dragon_tree_bar_stool": {
    "criteria": {
      "has_stick": "2024-08-16 21:45:34 +0000"
    },
    "done": false
  },
  "paraglider:recipes/misc/paraglider": {
    "criteria": {
      "has_stick": "2024-08-16 21:45:34 +0000"
    },
    "done": false
  },
  "refurbished_furniture:recipes/misc/constructing/green_lamp": {
    "criteria": {
      "has_planks": "2024-08-16 21:45:31 +0000"
    },
    "done": false
  },
  "supplementaries:recipes/flags/flag_black": {
    "criteria": {
      "has_stick": "2024-08-16 21:45:34 +0000"
    },
    "done": false
  },
  "minecraft:recipes/misc/blue_dye_from_cornflower": {
    "criteria": {
      "has_cornflower": "2024-08-16 21:50:00 +0000"
    },
    "done": false
  },
  "refurbished_furniture:recipes/misc/constructing/magenta_sofa": {
    "criteria": {
      "has_planks": "2024-08-16 21:45:31 +0000"
    },
    "done": false
  },
  "minecraft:recipes/combat/wooden_sword": {
    "criteria": {
      "has_stick": "2024-08-16 21:45:34 +0000"
    },
    "done": false
  },
  "refurbished_furniture:recipes/misc/constructing/oak_storage_jar": {
    "criteria": {
      "has_oak_planks": "2024-08-16 21:45:31 +0000"
    },
    "done": false
  },
  "supplementaries:recipes/flags/flag_green": {
    "criteria": {
      "has_stick": "2024-08-16 21:45:34 +0000"
    },
    "done": false
  },
  "refurbished_furniture:recipes/misc/constructing/cyan_stool": {
    "criteria": {
      "has_planks": "2024-08-16 21:45:31 +0000"
    },
    "done": false
  },
  "securitycraft:recipes/misc/reinforced_dark_oak_fence": {
    "criteria": {
      "has_stick": "2024-08-16 21:45:34 +0000"
    },
    "done": false
  },
  "securitycraft:recipes/misc/reinforced_oak_fence": {
    "criteria": {
      "has_stick": "2024-08-16 21:45:34 +0000"
    },
    "done": false
  },
  "mcwbridges:recipes/asian_red_bridge_pier": {
    "criteria": {
      "has_planks": "2024-08-16 21:45:31 +0000"
    },
    "done": false
  },
  "securitycraft:recipes/redstone/reinforced_oak_fence_gate": {
    "criteria": {
      "has_stick": "2024-08-16 21:45:34 +0000"
    },
    "done": false
  },
  "bakery:recipes/wall_cabinet": {
    "criteria": {
      "has_oak_planks": "2024-08-16 21:45:31 +0000"
    },
    "done": false
  },
  "supplementaries:recipes/flags/flag_purple": {
    "criteria": {
      "has_stick": "2024-08-16 21:45:34 +0000"
    },
    "done": false
  },
  "securitycraft:recipes/misc/reinforced_bamboo_fence": {
    "criteria": {
      "has_stick": "2024-08-16 21:45:34 +0000"
    },
    "done": false
  },
  "betterend:recipes/decorations/tenanea_sign": {
    "criteria": {
      "has_stick": "2024-08-16 21:45:34 +0000"
    },
    "done": false
  },
  "vanillacookbook:recipes/flowers": {
    "criteria": {
      "has_cornflower": "2024-08-16 21:50:00 +0000"
    },
    "done": false
  },
  "securitycraft:recipes/misc/reinforced_crimson_fence": {
    "criteria": {
      "has_stick": "2024-08-16 21:45:34 +0000"
    },
    "done": false
  },
  "aether:recipes/tools/iron_hoe_repairing": {
    "criteria": {
      "has_iron_hoe": "2024-08-16 21:50:03 +0000"
    },
    "done": false
  },
  "supplementaries:recipes/flags/flag_white": {
    "criteria": {
      "has_stick": "2024-08-16 21:45:34 +0000"
    },
    "done": false
  },
  "betterend:recipes/redstone/mossy_glowshroom_gate": {
    "criteria": {
      "has_stick": "2024-08-16 21:45:34 +0000"
    },
    "done": false
  },
  "refurbished_furniture:recipes/misc/constructing/jungle_lattice_fence_gate": {
    "criteria": {
      "has_stick": "2024-08-16 21:45:34 +0000"
    },
    "done": false
  },
  "farmersdelight:recipes/cooking/dog_food": {
    "criteria": {
      "has_any_ingredient": "2024-08-16 21:49:59 +0000"
    },
    "done": false
  },
  "betterend:recipes/decorations/helix_tree_chair": {
    "criteria": {
      "has_stick": "2024-08-16 21:45:34 +0000"
    },
    "done": false
  },
  "supplementaries:recipes/timber_cross_brace": {
    "criteria": {
      "forge:rods/wooden": "2024-08-16 21:45:34 +0000"
    },
    "done": false
  },
  "refurbished_furniture:recipes/misc/constructing/brown_stool": {
    "criteria": {
      "has_planks": "2024-08-16 21:45:31 +0000"
    },
    "done": false
  },
  "minecraft:recipes/misc/iron_nugget_from_smelting": {
    "criteria": {
      "has_iron_hoe": "2024-08-16 21:50:03 +0000"
    },
    "done": false
  },
  "betterend:recipes/misc/leather_wrapped_stick": {
    "criteria": {
      "has_stick": "2024-08-16 21:45:34 +0000"
    },
    "done": false
  },
  "betterend:recipes/decorations/dragon_tree_fence": {
    "criteria": {
      "has_stick": "2024-08-16 21:45:34 +0000"
    },
    "done": false
  },
  "minecraft:recipes/redstone/oak_trapdoor": {
    "criteria": {
      "has_planks": "2024-08-16 21:45:31 +0000"
    },
    "done": false
  },
  "refurbished_furniture:recipes/misc/constructing/lime_lamp": {
    "criteria": {
      "has_planks": "2024-08-16 21:45:31 +0000"
    },
    "done": false
  },
  "sophisticatedstorage:recipes/misc/oak_limited_barrel_1": {
    "criteria": {
      "has_oak_plank": "2024-08-16 21:45:31 +0000"
    },
    "done": false
  },
  "sophisticatedstorage:recipes/misc/oak_limited_barrel_2": {
    "criteria": {
      "has_oak_plank": "2024-08-16 21:45:31 +0000"
    },
    "done": false
  },
  "sophisticatedstorage:recipes/misc/oak_limited_barrel_3": {
    "criteria": {
      "has_oak_plank": "2024-08-16 21:45:31 +0000"
    },
    "done": false
  },
  "sophisticatedstorage:recipes/misc/oak_limited_barrel_4": {
    "criteria": {
      "has_oak_plank": "2024-08-16 21:45:31 +0000"
    },
    "done": false
  },
  "betterend:recipes/decorations/mossy_glowshroom_sign": {
    "criteria": {
      "has_stick": "2024-08-16 21:45:34 +0000"
    },
    "done": false
  },
  "supplementaries:recipes/flags/flag_gray": {
    "criteria": {
      "has_stick": "2024-08-16 21:45:34 +0000"
    },
    "done": false
  },
  "supplementaries:recipes/faucet": {
    "criteria": {
      "forge:rods/wooden": "2024-08-16 21:45:34 +0000"
    },
    "done": false
  },
  "alexsmobs:alexsmobs/root": {
    "criteria": {
      "useitem": "2024-08-16 21:48:41 +0000"
    },
    "done": true
  },
  "betterend:recipes/decorations/tenanea_bar_stool": {
    "criteria": {
      "has_stick": "2024-08-16 21:45:34 +0000"
    },
    "done": false
  },
  "refurbished_furniture:recipes/misc/constructing/spruce_lattice_fence": {
    "criteria": {
      "has_stick": "2024-08-16 21:45:34 +0000"
    },
    "done": false
  },
  "refurbished_furniture:recipes/misc/constructing/light_blue_cooler": {
    "criteria": {
      "has_planks": "2024-08-16 21:45:31 +0000"
    },
    "done": false
  },
  "refurbished_furniture:recipes/misc/constructing/oak_mail_box": {
    "criteria": {
      "has_oak_planks": "2024-08-16 21:45:31 +0000"
    },
    "done": false
  },
  "refurbished_furniture:recipes/misc/constructing/pink_sofa": {
    "criteria": {
      "has_planks": "2024-08-16 21:45:31 +0000"
    },
    "done": false
  },
  "refurbished_furniture:recipes/misc/constructing/oak_bath": {
    "criteria": {
      "has_oak_planks": "2024-08-16 21:45:31 +0000"
    },
    "done": false
  },
  "refurbished_furniture:recipes/misc/constructing/brown_lamp": {
    "criteria": {
      "has_planks": "2024-08-16 21:45:31 +0000"
    },
    "done": false
  },
  "minecraft:recipes/decorations/glow_item_frame": {
    "criteria": {
      "has_item_frame": "2024-08-16 21:49:33 +0000"
    },
    "done": false
  },
  "refurbished_furniture:recipes/misc/constructing/crimson_lattice_fence_gate": {
    "criteria": {
      "has_stick": "2024-08-16 21:45:34 +0000"
    },
    "done": false
  },
  "supplementaries:recipes/bed_from_feather_block": {
    "criteria": {
      "minecraft:planks": "2024-08-16 21:45:31 +0000"
    },
    "done": false
  },
  "betterend:recipes/decorations/tenanea_fence": {
    "criteria": {
      "has_stick": "2024-08-16 21:45:34 +0000"
    },
    "done": false
  },
  "candlelight:recipes/oak_chair": {
    "criteria": {
      "has_oak_planks": "2024-08-16 21:45:31 +0000"
    },
    "done": false
  },
  "securitycraft:recipes/misc/reinforced_warped_fence": {
    "criteria": {
      "has_stick": "2024-08-16 21:45:34 +0000"
    },
    "done": false
  },
  "betterend:recipes/decorations/lucernia_bar_stool": {
    "criteria": {
      "has_stick": "2024-08-16 21:45:34 +0000"
    },
    "done": false
  },
  "refurbished_furniture:recipes/misc/constructing/oak_basin": {
    "criteria": {
      "has_oak_planks": "2024-08-16 21:45:31 +0000"
    },
    "done": false
  },
  "betterend:recipes/redstone/helix_tree_gate": {
    "criteria": {
      "has_stick": "2024-08-16 21:45:34 +0000"
    },
    "done": false
  },
  "beautify:blinds": {
    "criteria": {
      "requirement": "2024-08-16 21:45:34 +0000"
    },
    "done": true
  },
  "betterend:recipes/decorations/pythadendron_sign": {
    "criteria": {
      "has_stick": "2024-08-16 21:45:34 +0000"
    },
    "done": false
  },
  "supplementaries:recipes/flags/flag_light_blue": {
    "criteria": {
      "has_stick": "2024-08-16 21:45:34 +0000"
    },
    "done": false
  },
  "mcwbridges:recipes/asian_red_bridge": {
    "criteria": {
      "has_planks": "2024-08-16 21:45:31 +0000"
    },
    "done": false
  },
  "securitycraft:recipes/redstone/reinforced_cherry_fence_gate": {
    "criteria": {
      "has_stick": "2024-08-16 21:45:34 +0000"
    },
    "done": false
  },
  "betterend:recipes/misc/copy_handle_attachment": {
    "criteria": {
      "has_stick": "2024-08-16 21:45:34 +0000"
    },
    "done": false
  },
  "refurbished_furniture:recipes/misc/workbench": {
    "criteria": {
      "has_planks": "2024-08-16 21:45:31 +0000"
    },
    "done": false
  },
  "vinery:recipes/dark_cherry_fence": {
    "criteria": {
      "has_stick": "2024-08-16 21:45:34 +0000"
    },
    "done": false
  },
  "candlelight:recipes/oak_cabinet": {
    "criteria": {
      "has_oak_planks": "2024-08-16 21:45:31 +0000"
    },
    "done": false
  },
  "refurbished_furniture:recipes/misc/constructing/light_blue_lamp": {
    "criteria": {
      "has_planks": "2024-08-16 21:45:31 +0000"
    },
    "done": false
  },
  "refurbished_furniture:recipes/misc/constructing/blue_sofa": {
    "criteria": {
      "has_planks": "2024-08-16 21:45:31 +0000"
    },
    "done": false
  },
  "betterend:recipes/redstone/end_lotus_gate": {
    "criteria": {
      "has_stick": "2024-08-16 21:45:34 +0000"
    },
    "done": false
  },
  "mcwwindows:recipes/shutters": {
    "criteria": {
      "has_wood": "2024-08-16 21:45:31 +0000"
    },
    "done": false
  },
  "mcwbridges:recipes/rope_oak_bridge": {
    "criteria": {
      "has_planks": "2024-08-16 21:45:31 +0000"
    },
    "done": false
  },
  "refurbished_furniture:recipes/misc/constructing/oak_chair": {
    "criteria": {
      "has_oak_planks": "2024-08-16 21:45:31 +0000"
    },
    "done": false
  },
  "vanillacookbook:recipes/cooking/raw_meat": {
    "criteria": {
      "has_raw_meat": "2024-08-16 21:52:13 +0000"
    },
    "done": true
  },
  "mcwbridges:recipes/oak_rail_bridge": {
    "criteria": {
      "has_planks": "2024-08-16 21:45:31 +0000"
    },
    "done": false
  },
  "betterend:recipes/misc/terminite_sword_handle": {
    "criteria": {
      "has_item.minecraft.stick": "2024-08-16 21:45:34 +0000"
    },
    "done": false
  },
  "supplementaries:recipes/daub_brace": {
    "criteria": {
      "forge:rods/wooden": "2024-08-16 21:45:34 +0000"
    },
    "done": false
  },
  "supplementaries:recipes/notice_board": {
    "criteria": {
      "minecraft:planks": "2024-08-16 21:45:31 +0000"
    },
    "done": false
  },
  "refurbished_furniture:recipes/misc/constructing/gray_lamp": {
    "criteria": {
      "has_planks": "2024-08-16 21:45:31 +0000"
    },
    "done": false
  },
  "refurbished_furniture:recipes/misc/constructing/purple_sofa": {
    "criteria": {
      "has_planks": "2024-08-16 21:45:31 +0000"
    },
    "done": false
  },
  "betterend:recipes/decorations/end_lotus_fence": {
    "criteria": {
      "has_stick": "2024-08-16 21:45:34 +0000"
    },
    "done": false
  },
  "refurbished_furniture:recipes/misc/constructing/oak_lattice_fence": {
    "criteria": {
      "has_oak_planks": "2024-08-16 21:45:31 +0000",
      "has_stick": "2024-08-16 21:45:34 +0000"
    },
    "done": false
  },
  "refurbished_furniture:recipes/misc/constructing/gray_cooler": {
    "criteria": {
      "has_planks": "2024-08-16 21:45:31 +0000"
    },
    "done": false
  },
  "vinery:recipes/dark_cherry_fence_gate": {
    "criteria": {
      "has_stick": "2024-08-16 21:45:34 +0000"
    },
    "done": false
  },
  "minecraft:recipes/tools/wooden_pickaxe": {
    "criteria": {
      "has_stick": "2024-08-16 21:45:34 +0000",
      "has_the_recipe": "2024-08-16 21:52:52 +0000"
    },
    "done": true
  },
  "supplementaries:recipes/flags/flag_cyan": {
    "criteria": {
      "has_stick": "2024-08-16 21:45:34 +0000"
    },
    "done": false
  },
  "betterend:recipes/decorations/jellyshroom_taburet": {
    "criteria": {
      "has_stick": "2024-08-16 21:45:34 +0000"
    },
    "done": false
  },
  "minecraft:recipes/redstone/oak_pressure_plate": {
    "criteria": {
      "has_planks": "2024-08-16 21:45:31 +0000"
    },
    "done": false
  },
  "refurbished_furniture:recipes/misc/constructing/cherry_lattice_fence_gate": {
    "criteria": {
      "has_stick": "2024-08-16 21:45:34 +0000"
    },
    "done": false
  },
  "betterend:recipes/decorations/jellyshroom_bar_stool": {
    "criteria": {
      "has_stick": "2024-08-16 21:45:34 +0000"
    },
    "done": false
  },
  "securitycraft:recipes/redstone/reinforced_mangrove_fence_gate": {
    "criteria": {
      "has_stick": "2024-08-16 21:45:34 +0000"
    },
    "done": false
  },
  "refurbished_furniture:recipes/misc/constructing/black_lamp": {
    "criteria": {
      "has_planks": "2024-08-16 21:45:31 +0000"
    },
    "done": false
  },
  "betterend:recipes/decorations/lucernia_taburet": {
    "criteria": {
      "has_stick": "2024-08-16 21:45:34 +0000"
    },
    "done": false
  },
  "minecraft:recipes/food/cooked_mutton_from_campfire_cooking": {
    "criteria": {
      "has_mutton": "2024-08-16 21:52:13 +0000"
    },
    "done": false
  },
  "farmersdelight:recipes/cooking/pasta_with_mutton_chop": {
    "criteria": {
      "has_any_ingredient": "2024-08-16 21:52:13 +0000"
    },
    "done": false
  },
  "betterend:recipes/decorations/lacugrove_fence": {
    "criteria": {
      "has_stick": "2024-08-16 21:45:34 +0000"
    },
    "done": false
  },
  "vinery:recipes/oak_wine_rack_big": {
    "criteria": {
      "has_oak_planks": "2024-08-16 21:45:31 +0000"
    },
    "done": false
  },
  "betterend:recipes/redstone/dragon_tree_gate": {
    "criteria": {
      "has_stick": "2024-08-16 21:45:34 +0000"
    },
    "done": false
  },
  "refurbished_furniture:recipes/misc/constructing/pink_cooler": {
    "criteria": {
      "has_planks": "2024-08-16 21:45:31 +0000"
    },
    "done": false
  },
  "supplementaries:recipes/flags/flag_red": {
    "criteria": {
      "has_stick": "2024-08-16 21:45:34 +0000"
    },
    "done": false
  },
  "farmersdelight:recipes/food/mutton_wrap": {
    "criteria": {
      "has_mutton": "2024-08-16 21:49:36 +0000"
    },
    "done": false
  },
  "refurbished_furniture:recipes/misc/constructing/cyan_sofa": {
    "criteria": {
      "has_planks": "2024-08-16 21:45:31 +0000"
    },
    "done": false
  },
  "minecraft:husbandry/balanced_diet": {
    "criteria": {
      "cooked_mutton": "2024-08-16 21:52:17 +0000",
      "bread": "2024-08-16 21:52:20 +0000"
    },
    "done": false
  },
  "refurbished_furniture:recipes/misc/constructing/black_stool": {
    "criteria": {
      "has_planks": "2024-08-16 21:45:31 +0000"
    },
    "done": false
  },
  "refurbished_furniture:recipes/misc/constructing/warped_lattice_fence": {
    "criteria": {
      "has_stick": "2024-08-16 21:45:34 +0000"
    },
    "done": false
  },
  "refurbished_furniture:recipes/misc/constructing/orange_cooler": {
    "criteria": {
      "has_planks": "2024-08-16 21:45:31 +0000"
    },
    "done": false
  },
  "betterend:recipes/decorations/tenanea_ladder": {
    "criteria": {
      "has_stick": "2024-08-16 21:45:34 +0000"
    },
    "done": false
  },
  "refurbished_furniture:recipes/misc/constructing/birch_lattice_fence_gate": {
    "criteria": {
      "has_stick": "2024-08-16 21:45:34 +0000"
    },
    "done": false
  },
  "betterend:recipes/decorations/mossy_glowshroom_taburet": {
    "criteria": {
      "has_stick": "2024-08-16 21:45:34 +0000"
    },
    "done": false
  },
  "betterend:recipes/decorations/mossy_glowshroom_fence": {
    "criteria": {
      "has_stick": "2024-08-16 21:45:34 +0000"
    },
    "done": false
  },
  "bakery:recipes/brick_counter": {
    "criteria": {
      "has_oak_planks": "2024-08-16 21:45:31 +0000"
    },
    "done": false
  },
  "betterend:recipes/decorations/mossy_glowshroom_ladder": {
    "criteria": {
      "has_stick": "2024-08-16 21:45:34 +0000"
    },
    "done": false
  },
  "refurbished_furniture:recipes/misc/constructing/pink_stool": {
    "criteria": {
      "has_planks": "2024-08-16 21:45:31 +0000"
    },
    "done": false
  },
  "refurbished_furniture:recipes/misc/constructing/purple_stool": {
    "criteria": {
      "has_planks": "2024-08-16 21:45:31 +0000"
    },
    "done": false
  },
  "refurbished_furniture:recipes/misc/constructing/oak_toilet": {
    "criteria": {
      "has_oak_planks": "2024-08-16 21:45:31 +0000"
    },
    "done": false
  },
  "refurbished_furniture:recipes/misc/constructing/crimson_lattice_fence": {
    "criteria": {
      "has_stick": "2024-08-16 21:45:34 +0000"
    },
    "done": false
  },
  "securitycraft:recipes/redstone/reinforced_crimson_fence_gate": {
    "criteria": {
      "has_stick": "2024-08-16 21:45:34 +0000"
    },
    "done": false
  },
  "refurbished_furniture:recipes/misc/constructing/jungle_lattice_fence": {
    "criteria": {
      "has_stick": "2024-08-16 21:45:34 +0000"
    },
    "done": false
  },
  "securitycraft:recipes/misc/motion_activated_light": {
    "criteria": {
      "has_stick": "2024-08-16 21:45:34 +0000"
    },
    "done": false
  },
  "refurbished_furniture:recipes/misc/constructing/spruce_lattice_fence_gate": {
    "criteria": {
      "has_stick": "2024-08-16 21:45:34 +0000"
    },
    "done": false
  },
  "minecraft:recipes/food/cooked_mutton_from_smoking": {
    "criteria": {
      "has_mutton": "2024-08-16 21:52:13 +0000"
    },
    "done": false
  },
  "refurbished_furniture:recipes/misc/constructing/yellow_lamp": {
    "criteria": {
      "has_planks": "2024-08-16 21:45:31 +0000"
    },
    "done": false
  },
  "supplementaries:recipes/crank": {
    "criteria": {
      "forge:rods/wooden": "2024-08-16 21:45:34 +0000"
    },
    "done": false
  },
  "betterend:recipes/decorations/lacugrove_ladder": {
    "criteria": {
      "has_stick": "2024-08-16 21:45:34 +0000"
    },
    "done": false
  },
  "minecraft:recipes/decorations/oak_sign": {
    "criteria": {
      "has_planks": "2024-08-16 21:45:31 +0000"
    },
    "done": false
  },
  "refurbished_furniture:recipes/misc/constructing/orange_lamp": {
    "criteria": {
      "has_planks": "2024-08-16 21:45:31 +0000"
    },
    "done": false
  },
  "refurbished_furniture:recipes/misc/constructing/dark_oak_lattice_fence_gate": {
    "criteria": {
      "has_stick": "2024-08-16 21:45:34 +0000"
    },
    "done": false
  },
  "minecraft:recipes/misc/white_dye": {
    "criteria": {
      "has_bone_meal": "2024-08-16 21:49:59 +0000"
    },
    "done": false
  },
  "supplementaries:recipes/flags/flag_orange": {
    "criteria": {
      "has_stick": "2024-08-16 21:45:34 +0000"
    },
    "done": false
  },
  "supplementaries:recipes/lock_block": {
    "criteria": {
      "minecraft:planks": "2024-08-16 21:45:31 +0000"
    },
    "done": false
  },
  "mcwwindows:recipes/blinds": {
    "criteria": {
      "has_wood": "2024-08-16 21:45:31 +0000"
    },
    "done": false
  },
  "refurbished_furniture:recipes/misc/constructing/white_lamp": {
    "criteria": {
      "has_planks": "2024-08-16 21:45:31 +0000"
    },
    "done": false
  },
  "create:recipes/misc/crafting/appliances/crafting_blueprint": {
    "criteria": {
      "has_item": "2024-08-16 21:45:34 +0000"
    },
    "done": false
  },
  "securitycraft:recipes/redstone/reinforced_spruce_fence_gate": {
    "criteria": {
      "has_stick": "2024-08-16 21:45:34 +0000"
    },
    "done": false
  },
  "candlelight:recipes/floorboard": {
    "criteria": {
      "has_oak_planks": "2024-08-16 21:45:31 +0000"
    },
    "done": false
  },
  "minecraft:recipes/food/cooked_mutton_from_grill_cooking": {
    "criteria": {
      "has_mutton": "2024-08-16 21:52:13 +0000"
    },
    "done": false
  },
  "refurbished_furniture:recipes/misc/constructing/oak_crate": {
    "criteria": {
      "has_oak_planks": "2024-08-16 21:45:31 +0000"
    },
    "done": false
  },
  "cfm:recipes/decorations/oak_kitchen_sink_dark": {
    "criteria": {
      "has_bottom": "2024-08-16 21:45:31 +0000"
    },
    "done": false
  },
  "betterend:recipes/redstone/umbrella_tree_gate": {
    "criteria": {
      "has_stick": "2024-08-16 21:45:34 +0000"
    },
    "done": false
  },
  "refurbished_furniture:recipes/misc/constructing/oak_lattice_fence_gate": {
    "criteria": {
      "has_oak_planks": "2024-08-16 21:45:31 +0000",
      "has_stick": "2024-08-16 21:45:34 +0000"
    },
    "done": false
  },
  "betterend:recipes/misc/sulphur_gunpowder": {
    "criteria": {
      "has_bone_meal": "2024-08-16 21:49:59 +0000"
    },
    "done": false
  },
  "betterend:recipes/decorations/lucernia_fence": {
    "criteria": {
      "has_stick": "2024-08-16 21:45:34 +0000"
    },
    "done": false
  },
  "aether:recipes/tools/wooden_pickaxe_repairing": {
    "criteria": {
      "has_wooden_pickaxe": "2024-08-16 21:52:52 +0000"
    },
    "done": false
  },
  "refurbished_furniture:recipes/misc/slicing/blue_dye_from_cornflower": {
    "criteria": {
      "has_cornflower": "2024-08-16 21:50:00 +0000"
    },
    "done": false
  },
  "bakery:recipes/cupcake_display": {
    "criteria": {
      "has_stick": "2024-08-16 21:45:34 +0000"
    },
    "done": false
  },
  "securitycraft:recipes/misc/reinforced_acacia_fence": {
    "criteria": {
      "has_stick": "2024-08-16 21:45:34 +0000"
    },
    "done": false
  },
  "betterend:recipes/decorations/helix_tree_bar_stool": {
    "criteria": {
      "has_stick": "2024-08-16 21:45:34 +0000"
    },
    "done": false
  },
  "mcwbridges:recipes/oak_log_bridge_middle": {
    "criteria": {
      "has_planks": "2024-08-16 21:45:31 +0000"
    },
    "done": false
  },
  "refurbished_furniture:recipes/misc/constructing/purple_cooler": {
    "criteria": {
      "has_planks": "2024-08-16 21:45:31 +0000"
    },
    "done": false
  },
  "refurbished_furniture:recipes/misc/constructing/light_gray_cooler": {
    "criteria": {
      "has_planks": "2024-08-16 21:45:31 +0000"
    },
    "done": false
  },
  "refurbished_furniture:recipes/misc/constructing/red_sofa": {
    "criteria": {
      "has_planks": "2024-08-16 21:45:31 +0000"
    },
    "done": false
  },
  "betterend:recipes/decorations/jellyshroom_fence": {
    "criteria": {
      "has_stick": "2024-08-16 21:45:34 +0000"
    },
    "done": false
  },
  "supplementaries:recipes/planter_rich": {
    "criteria": {
      "has_bone_meal": "2024-08-16 21:49:59 +0000"
    },
    "done": false
  },
  "betterend:recipes/decorations/lucernia_sign": {
    "criteria": {
      "has_stick": "2024-08-16 21:45:34 +0000"
    },
    "done": false
  },
  "lootr:social": {
    "criteria": {
      "opened_chest": "2024-08-16 21:49:58 +0000"
    },
    "done": false
  },
  "refurbished_furniture:recipes/misc/constructing/magenta_lamp": {
    "criteria": {
      "has_planks": "2024-08-16 21:45:31 +0000"
    },
    "done": false
  },
  "supplementaries:recipes/flags/flag_pink": {
    "criteria": {
      "has_stick": "2024-08-16 21:45:34 +0000"
    },
    "done": false
  },
  "betterend:recipes/misc/copy_tool_assembly": {
    "criteria": {
      "has_stick": "2024-08-16 21:45:34 +0000"
    },
    "done": false
  },
  "supplementaries:recipes/timber_frame": {
    "criteria": {
      "forge:rods/wooden": "2024-08-16 21:45:34 +0000"
    },
    "done": false
  },
  "aquaculture:recipes/tools/wooden_fillet_knife": {
    "criteria": {
      "has_items": "2024-08-16 21:45:34 +0000"
    },
    "done": false
  },
  "mcwroofs:recipes/oak_planks": {
    "criteria": {
      "has_planks": "2024-08-16 21:45:31 +0000"
    },
    "done": true
  },
  "minecraft:recipes/tools/wooden_hoe": {
    "criteria": {
      "has_stick": "2024-08-16 21:45:34 +0000"
    },
    "done": false
  },
  "betterend:recipes/decorations/pythadendron_chair": {
    "criteria": {
      "has_stick": "2024-08-16 21:45:34 +0000"
    },
    "done": false
  },
  "sophisticatedstorage:recipes/misc/oak_chest": {
    "criteria": {
      "has_oak_plank": "2024-08-16 21:45:31 +0000"
    },
    "done": false
  },
  "betterend:recipes/decorations/pythadendron_ladder": {
    "criteria": {
      "has_stick": "2024-08-16 21:45:34 +0000"
    },
    "done": false
  },
  "minecraft:recipes/redstone/oak_fence_gate": {
    "criteria": {
      "has_planks": "2024-08-16 21:45:31 +0000"
    },
    "done": false
  },
  "betterend:recipes/decorations/umbrella_tree_chair": {
    "criteria": {
      "has_stick": "2024-08-16 21:45:34 +0000"
    },
    "done": false
  },
  "vinery:recipes/campfire": {
    "criteria": {
      "has_stick": "2024-08-16 21:45:34 +0000"
    },
    "done": false
  },
  "refurbished_furniture:recipes/misc/constructing/acacia_lattice_fence": {
    "criteria": {
      "has_stick": "2024-08-16 21:45:34 +0000"
    },
    "done": false
  },
  "securitycraft:recipes/misc/sonic_security_system": {
    "criteria": {
      "has_stick": "2024-08-16 21:45:34 +0000"
    },
    "done": false
  },
  "betterend:recipes/misc/golden_hammer": {
    "criteria": {
      "has_stick": "2024-08-16 21:45:34 +0000"
    },
    "done": false
  },
  "refurbished_furniture:recipes/misc/constructing/oak_kitchen_storage_cabinet": {
    "criteria": {
      "has_oak_planks": "2024-08-16 21:45:31 +0000"
    },
    "done": false
  },
  "supplementaries:recipes/slingshot": {
    "criteria": {
      "forge:rods/wooden": "2024-08-16 21:45:34 +0000"
    },
    "done": false
  },
  "betterend:recipes/decorations/dragon_tree_ladder": {
    "criteria": {
      "has_stick": "2024-08-16 21:45:34 +0000"
    },
    "done": false
  },
  "refurbished_furniture:recipes/misc/constructing/oak_desk": {
    "criteria": {
      "has_oak_planks": "2024-08-16 21:45:31 +0000"
    },
    "done": false
  },
  "minecraft:recipes/tools/wooden_shovel": {
    "criteria": {
      "has_stick": "2024-08-16 21:45:34 +0000"
    },
    "done": false
  },
  "refurbished_furniture:recipes/misc/constructing/post_box": {
    "criteria": {
      "has_planks": "2024-08-16 21:45:31 +0000"
    },
    "done": false
  },
  "betterend:recipes/decorations/umbrella_tree_sign": {
    "criteria": {
      "has_stick": "2024-08-16 21:45:34 +0000"
    },
    "done": false
  },
  "supplementaries:recipes/clock_block": {
    "criteria": {
      "minecraft:planks": "2024-08-16 21:45:31 +0000"
    },
    "done": false
  },
  "betterend:recipes/decorations/end_lotus_sign": {
    "criteria": {
      "has_stick": "2024-08-16 21:45:34 +0000"
    },
    "done": false
  },
  "farmersdelight:recipes/food/shepherds_pie_block": {
    "criteria": {
      "has_cooked_mutton": "2024-08-16 21:49:36 +0000"
    },
    "done": false
  },
  "minecraft:recipes/decorations/barrel": {
    "criteria": {
      "has_planks": "2024-08-16 21:45:31 +0000"
    },
    "done": false
  },
  "refurbished_furniture:recipes/misc/constructing/oak_cutting_board": {
    "criteria": {
      "has_oak_planks": "2024-08-16 21:45:31 +0000"
    },
    "done": false
  },
  "farmersdelight:main/craft_knife": {
    "criteria": {
      "flint_knife": "2024-08-16 21:51:28 +0000"
    },
    "done": false
  },
  "betterend:recipes/decorations/lucernia_ladder": {
    "criteria": {
      "has_stick": "2024-08-16 21:45:34 +0000"
    },
    "done": false
  },
  "betterend:recipes/decorations/helix_tree_taburet": {
    "criteria": {
      "has_stick": "2024-08-16 21:45:34 +0000"
    },
    "done": false
  },
  "securitycraft:recipes/misc/reinforced_birch_fence": {
    "criteria": {
      "has_stick": "2024-08-16 21:45:34 +0000"
    },
    "done": false
  },
  "betterend:recipes/decorations/pythadendron_taburet": {
    "criteria": {
      "has_stick": "2024-08-16 21:45:34 +0000"
    },
    "done": false
  },
  "refurbished_furniture:recipes/misc/constructing/green_sofa": {
    "criteria": {
      "has_planks": "2024-08-16 21:45:31 +0000"
    },
    "done": false
  },
  "betterend:recipes/decorations/tenanea_chair": {
    "criteria": {
      "has_stick": "2024-08-16 21:45:34 +0000"
    },
    "done": false
  },
  "bakery:recipes/chocolate_box": {
    "criteria": {
      "has_oak_planks": "2024-08-16 21:45:31 +0000"
    },
    "done": false
  },
  "refurbished_furniture:recipes/misc/constructing/mangrove_lattice_fence_gate": {
    "criteria": {
      "has_stick": "2024-08-16 21:45:34 +0000"
    },
    "done": false
  },
  "aquamirae:adventure/root": {
    "criteria": {
      "crafting_table": "2024-08-16 21:45:34 +0000"
    },
    "done": true
  },
  "bclib:recipes/redstone/tag_piston": {
    "criteria": {
      "has_tag_minecraft_planks": "2024-08-16 21:45:31 +0000"
    },
    "done": false
  },
  "refurbished_furniture:recipes/misc/constructing/light_gray_lamp": {
    "criteria": {
      "has_planks": "2024-08-16 21:45:31 +0000"
    },
    "done": false
  },
  "candlelight:recipes/oak_shelf": {
    "criteria": {
      "has_oak_planks": "2024-08-16 21:45:31 +0000"
    },
    "done": false
  },
  "refurbished_furniture:recipes/misc/slicing/bread_slice_from_bread": {
    "criteria": {
      "has_bread": "2024-08-16 21:49:34 +0000"
    },
    "done": false
  },
  "vanillacookbook:recipes/raw_meat": {
    "criteria": {
      "has_raw_meats": "2024-08-16 21:52:13 +0000"
    },
    "done": true
  },
  "minecraft:recipes/building_blocks/bone_block": {
    "criteria": {
      "has_bone_meal": "2024-08-16 21:49:59 +0000"
    },
    "done": false
  },
  "lootr:1chest": {
    "criteria": {
      "opened_chest": "2024-08-16 21:49:58 +0000"
    },
    "done": true
  },
  "refurbished_furniture:recipes/misc/constructing/blue_stool": {
    "criteria": {
      "has_planks": "2024-08-16 21:45:31 +0000"
    },
    "done": false
  },
  "betterend:recipes/decorations/end_lotus_chair": {
    "criteria": {
      "has_stick": "2024-08-16 21:45:34 +0000"
    },
    "done": false
  },
  "candlelight:recipes/oak_table": {
    "criteria": {
      "has_oak_planks": "2024-08-16 21:45:31 +0000"
    },
    "done": false
  },
  "betterend:recipes/decorations/mossy_glowshroom_bar_stool": {
    "criteria": {
      "has_stick": "2024-08-16 21:45:34 +0000"
    },
    "done": false
  },
  "refurbished_furniture:recipes/misc/constructing/oak_kitchen_sink": {
    "criteria": {
      "has_oak_planks": "2024-08-16 21:45:31 +0000"
    },
    "done": false
  },
  "refurbished_furniture:recipes/misc/constructing/orange_stool": {
    "criteria": {
      "has_planks": "2024-08-16 21:45:31 +0000"
    },
    "done": false
  },
  "bakery:recipes/oat_seeds": {
    "criteria": {
      "has_wheat_seeds": "2024-08-16 21:50:50 +0000"
    },
    "done": false
  },
  "refurbished_furniture:recipes/misc/constructing/black_cooler": {
    "criteria": {
      "has_planks": "2024-08-16 21:45:31 +0000"
    },
    "done": false
  },
  "supplementaries:recipes/flags/flag_brown": {
    "criteria": {
      "has_stick": "2024-08-16 21:45:34 +0000"
    },
    "done": false
  },
  "farmersdelight:recipes/combat/flint_knife": {
    "criteria": {
      "has_stick": "2024-08-16 21:45:34 +0000"
    },
    "done": false
  },
  "betterend:recipes/misc/copy_terminite_upgrade": {
    "criteria": {
      "has_stick": "2024-08-16 21:45:34 +0000"
    },
    "done": false
  },
  "bakery:recipes/sandwich": {
    "criteria": {
      "has_bread": "2024-08-16 21:49:34 +0000"
    },
    "done": false
  },
  "refurbished_furniture:recipes/misc/constructing/magenta_cooler": {
    "criteria": {
      "has_planks": "2024-08-16 21:45:31 +0000"
    },
    "done": false
  },
  "sophisticatedstorage:recipes/misc/oak_barrel": {
    "criteria": {
      "has_oak_plank": "2024-08-16 21:45:31 +0000"
    },
    "done": false
  },
  "beautify:progression/hanging_pot": {
    "criteria": {
      "obtain": "2024-08-16 21:50:03 +0000"
    },
    "done": true
  },
  "bclib:recipes/decorations/tag_smith_table": {
    "criteria": {
      "has_tag_minecraft_planks": "2024-08-16 21:45:31 +0000"
    },
    "done": false
  },
  "refurbished_furniture:recipes/misc/constructing/lime_sofa": {
    "criteria": {
      "has_planks": "2024-08-16 21:45:31 +0000"
    },
    "done": false
  },
  "securitycraft:recipes/misc/reinforced_jungle_fence": {
    "criteria": {
      "has_stick": "2024-08-16 21:45:34 +0000"
    },
    "done": false
  },
  "minecraft:recipes/building_blocks/oak_stairs": {
    "criteria": {
      "has_planks": "2024-08-16 21:45:31 +0000"
    },
    "done": false
  },
  "vinery:recipes/grapevine_lattice": {
    "criteria": {
      "has_stick": "2024-08-16 21:45:34 +0000"
    },
    "done": false
  },
  "refurbished_furniture:recipes/misc/constructing/red_cooler": {
    "criteria": {
      "has_planks": "2024-08-16 21:45:31 +0000"
    },
    "done": false
  },
  "minecraft:recipes/decorations/oak_fence": {
    "criteria": {
      "has_planks": "2024-08-16 21:45:31 +0000"
    },
    "done": false
  },
  "bakery:recipes/street_sign": {
    "criteria": {
      "has_oak_planks": "2024-08-16 21:45:31 +0000"
    },
    "done": false
  },
  "bclib:recipes/transportation/tag_rail": {
    "criteria": {
      "has_stick": "2024-08-16 21:45:34 +0000"
    },
    "done": false
  },
  "supplementaries:recipes/speaker_block": {
    "criteria": {
      "minecraft:planks": "2024-08-16 21:45:31 +0000"
    },
    "done": false
  },
  "bakery:recipes/drawer": {
    "criteria": {
      "has_oak_planks": "2024-08-16 21:45:31 +0000"
    },
    "done": false
  },
  "betterend:recipes/decorations/mossy_glowshroom_chair": {
    "criteria": {
      "has_stick": "2024-08-16 21:45:34 +0000"
    },
    "done": false
  },
  "refurbished_furniture:recipes/misc/constructing/green_cooler": {
    "criteria": {
      "has_planks": "2024-08-16 21:45:31 +0000"
    },
    "done": false
  },
  "bclib:recipes/combat/tag_shield": {
    "criteria": {
      "has_tag_minecraft_planks": "2024-08-16 21:45:31 +0000"
    },
    "done": false
  },
  "refurbished_furniture:recipes/misc/constructing/brown_sofa": {
    "criteria": {
      "has_planks": "2024-08-16 21:45:31 +0000"
    },
    "done": false
  },
  "minecraft:husbandry/root": {
    "criteria": {
      "consumed_item": "2024-08-16 21:48:41 +0000"
    },
    "done": true
  },
  "betterend:recipes/decorations/end_lotus_bar_stool": {
    "criteria": {
      "has_stick": "2024-08-16 21:45:34 +0000"
    },
    "done": false
  },
  "refurbished_furniture:recipes/misc/constructing/light_blue_stool": {
    "criteria": {
      "has_planks": "2024-08-16 21:45:31 +0000"
    },
    "done": false
  },
  "betterend:recipes/misc/iron_hammer": {
    "criteria": {
      "has_stick": "2024-08-16 21:45:34 +0000"
    },
    "done": false
  },
  "refurbished_furniture:recipes/misc/constructing/cherry_lattice_fence": {
    "criteria": {
      "has_stick": "2024-08-16 21:45:34 +0000"
    },
    "done": false
  },
  "securitycraft:recipes/redstone/reinforced_acacia_fence_gate": {
    "criteria": {
      "has_stick": "2024-08-16 21:45:34 +0000"
    },
    "done": false
  },
  "bakery:recipes/tray": {
    "criteria": {
      "has_oak_planks": "2024-08-16 21:45:31 +0000"
    },
    "done": false
  },
  "minecraft:recipes/redstone/oak_button": {
    "criteria": {
      "has_planks": "2024-08-16 21:45:31 +0000"
    },
    "done": false
  },
  "refurbished_furniture:recipes/misc/constructing/white_cooler": {
    "criteria": {
      "has_planks": "2024-08-16 21:45:31 +0000"
    },
    "done": false
  },
  "betterend:recipes/redstone/lacugrove_gate": {
    "criteria": {
      "has_stick": "2024-08-16 21:45:34 +0000"
    },
    "done": false
  },
  "betterend:recipes/decorations/pythadendron_bar_stool": {
    "criteria": {
      "has_stick": "2024-08-16 21:45:34 +0000"
    },
    "done": false
  },
  "candlelight:recipes/oak_drawer": {
    "criteria": {
      "has_oak_planks": "2024-08-16 21:45:31 +0000"
    },
    "done": false
  },
  "sawmill:recipes/sawmill": {
    "criteria": {
      "has_sticks": "2024-08-16 21:45:34 +0000"
    },
    "done": false
  },
  "refurbished_furniture:recipes/misc/constructing/blue_lamp": {
    "criteria": {
      "has_planks": "2024-08-16 21:45:31 +0000"
    },
    "done": false
  },
  "refurbished_furniture:recipes/misc/constructing/red_stool": {
    "criteria": {
      "has_planks": "2024-08-16 21:45:31 +0000"
    },
    "done": false
  },
  "supplementaries:recipes/flags/flag_blue": {
    "criteria": {
      "has_stick": "2024-08-16 21:45:34 +0000"
    },
    "done": false
  },
  "securitycraft:recipes/misc/reinforced_cherry_fence": {
    "criteria": {
      "has_stick": "2024-08-16 21:45:34 +0000"
    },
    "done": false
  },
  "betterend:recipes/misc/thallasium_sword_handle": {
    "criteria": {
      "has_item.minecraft.stick": "2024-08-16 21:45:34 +0000"
    },
    "done": false
  },
  "betterend:recipes/decorations/jellyshroom_ladder": {
    "criteria": {
      "has_stick": "2024-08-16 21:45:34 +0000"
    },
    "done": false
  },
  "betterend:recipes/misc/copy_thallasium_upgrade": {
    "criteria": {
      "has_stick": "2024-08-16 21:45:34 +0000"
    },
    "done": false
  },
  "refurbished_furniture:recipes/misc/constructing/warped_lattice_fence_gate": {
    "criteria": {
      "has_stick": "2024-08-16 21:45:34 +0000"
    },
    "done": false
  },
  "securitycraft:recipes/redstone/reinforced_warped_fence_gate": {
    "criteria": {
      "has_stick": "2024-08-16 21:45:34 +0000"
    },
    "done": false
  },
  "supplementaries:recipes/daub_frame": {
    "criteria": {
      "forge:rods/wooden": "2024-08-16 21:45:34 +0000"
    },
    "done": false
  },
  "refurbished_furniture:recipes/misc/constructing/light_blue_sofa": {
    "criteria": {
      "has_planks": "2024-08-16 21:45:31 +0000"
    },
    "done": false
  },
  "candlelight:recipes/painting": {
    "criteria": {
      "has_painting": "2024-08-16 21:48:57 +0000"
    },
    "done": false
  },
  "refurbished_furniture:recipes/misc/constructing/black_sofa": {
    "criteria": {
      "has_planks": "2024-08-16 21:45:31 +0000"
    },
    "done": false
  },
  "minecraft:recipes/food/cooked_mutton": {
    "criteria": {
      "has_mutton": "2024-08-16 21:52:13 +0000"
    },
    "done": false
  },
  "betterend:recipes/redstone/jellyshroom_gate": {
    "criteria": {
      "has_stick": "2024-08-16 21:45:34 +0000"
    },
    "done": false
  },
  "refurbished_furniture:recipes/misc/constructing/light_gray_stool": {
    "criteria": {
      "has_planks": "2024-08-16 21:45:31 +0000"
    },
    "done": false
  },
  "refurbished_furniture:recipes/misc/constructing/white_stool": {
    "criteria": {
      "has_planks": "2024-08-16 21:45:31 +0000"
    },
    "done": false
  },
  "refurbished_furniture:recipes/misc/constructing/mangrove_lattice_fence": {
    "criteria": {
      "has_stick": "2024-08-16 21:45:34 +0000"
    },
    "done": false
  },
  "supplementaries:recipes/flags/flag_yellow": {
    "criteria": {
      "has_stick": "2024-08-16 21:45:34 +0000"
    },
    "done": false
  },
  "aether:recipes/decorations/skyroot_chest": {
    "criteria": {
      "has_lots_of_items": "2024-08-16 21:50:00 +0000"
    },
    "done": false
  },
  "refurbished_furniture:recipes/misc/constructing/yellow_stool": {
    "criteria": {
      "has_planks": "2024-08-16 21:45:31 +0000"
    },
    "done": false
  },
  "betterend:recipes/redstone/lucernia_gate": {
    "criteria": {
      "has_stick": "2024-08-16 21:45:34 +0000"
    },
    "done": false
  },
  "betterend:recipes/misc/diamond_hammer": {
    "criteria": {
      "has_stick": "2024-08-16 21:45:34 +0000"
    },
    "done": false
  },
  "securitycraft:recipes/misc/reinforced_mangrove_fence": {
    "criteria": {
      "has_stick": "2024-08-16 21:45:34 +0000"
    },
    "done": false
  },
  "supplementaries:recipes/flags/flag_light_gray": {
    "criteria": {
      "has_stick": "2024-08-16 21:45:34 +0000"
    },
    "done": false
  },
  "refurbished_furniture:recipes/misc/constructing/pink_lamp": {
    "criteria": {
      "has_planks": "2024-08-16 21:45:31 +0000"
    },
    "done": false
  },
  "refurbished_furniture:recipes/misc/constructing/lime_cooler": {
    "criteria": {
      "has_planks": "2024-08-16 21:45:31 +0000"
    },
    "done": false
  },
  "refurbished_furniture:recipes/misc/constructing/oak_storage_cabinet": {
    "criteria": {
      "has_oak_planks": "2024-08-16 21:45:31 +0000"
    },
    "done": false
  },
  "refurbished_furniture:recipes/misc/constructing/gray_stool": {
    "criteria": {
      "has_planks": "2024-08-16 21:45:31 +0000"
    },
    "done": false
  },
  "vinery:recipes/oak_wine_rack_small": {
    "criteria": {
      "has_oak_planks": "2024-08-16 21:45:31 +0000"
    },
    "done": false
  },
  "cfm:recipes/decorations/oak_kitchen_sink_light": {
    "criteria": {
      "has_bottom": "2024-08-16 21:45:31 +0000"
    },
    "done": false
  },
  "betterend:recipes/decorations/umbrella_tree_bar_stool": {
    "criteria": {
      "has_stick": "2024-08-16 21:45:34 +0000"
    },
    "done": false
  },
  "refurbished_furniture:recipes/misc/constructing/acacia_lattice_fence_gate": {
    "criteria": {
      "has_stick": "2024-08-16 21:45:34 +0000"
    },
    "done": false
  },
  "create:recipes/building_blocks/oak_window": {
    "criteria": {
      "has_ingredient": "2024-08-16 21:45:31 +0000"
    },
    "done": false
  },
  "refurbished_furniture:recipes/misc/constructing/white_sofa": {
    "criteria": {
      "has_planks": "2024-08-16 21:45:31 +0000"
    },
    "done": false
  },
  "minecraft:recipes/misc/iron_nugget_from_blasting": {
    "criteria": {
      "has_iron_hoe": "2024-08-16 21:50:03 +0000"
    },
    "done": false
  },
  "refurbished_furniture:recipes/misc/constructing/oak_table": {
    "criteria": {
      "has_oak_planks": "2024-08-16 21:45:31 +0000"
    },
    "done": false
  },
  "vanillacookbook:recipes/seeds": {
    "criteria": {
      "has_seeds": "2024-08-16 21:50:50 +0000"
    },
    "done": true
  },
  "bakery:recipes/bread_box": {
    "criteria": {
      "has_stick": "2024-08-16 21:45:34 +0000"
    },
    "done": false
  },
  "supplementaries:recipes/pulley": {
    "criteria": {
      "minecraft:planks": "2024-08-16 21:45:31 +0000"
    },
    "done": false
  },
  "refurbished_furniture:recipes/misc/constructing/yellow_cooler": {
    "criteria": {
      "has_planks": "2024-08-16 21:45:31 +0000"
    },
    "done": false
  },
  "farmersdelight:recipes/decorations/cutting_board": {
    "criteria": {
      "has_stick": "2024-08-16 21:45:34 +0000"
    },
    "done": false
  },
  "beautify:trellis": {
    "criteria": {
      "requirement": "2024-08-16 21:45:34 +0000"
    },
    "done": true
  },
  "betterend:recipes/decorations/umbrella_tree_taburet": {
    "criteria": {
      "has_stick": "2024-08-16 21:45:34 +0000"
    },
    "done": false
  },
  "refurbished_furniture:recipes/misc/constructing/blue_cooler": {
    "criteria": {
      "has_planks": "2024-08-16 21:45:31 +0000"
    },
    "done": false
  },
  "refurbished_furniture:recipes/misc/constructing/cyan_lamp": {
    "criteria": {
      "has_planks": "2024-08-16 21:45:31 +0000"
    },
    "done": false
  },
  "refurbished_furniture:recipes/misc/constructing/gray_sofa": {
    "criteria": {
      "has_planks": "2024-08-16 21:45:31 +0000"
    },
    "done": false
  },
  "minecraft:story/root": {
    "criteria": {
      "crafting_table": "2024-08-16 21:45:34 +0000"
    },
    "done": true
  },
  "securitycraft:recipes/misc/reinforced_spruce_fence": {
    "criteria": {
      "has_stick": "2024-08-16 21:45:34 +0000"
    },
    "done": false
  },
  "refurbished_furniture:recipes/misc/constructing/purple_lamp": {
    "criteria": {
      "has_planks": "2024-08-16 21:45:31 +0000"
    },
    "done": false
  },
  "betterend:recipes/decorations/dragon_tree_sign": {
    "criteria": {
      "has_stick": "2024-08-16 21:45:34 +0000"
    },
    "done": false
  },
  "supplementaries:recipes/flags/flag_lime": {
    "criteria": {
      "has_stick": "2024-08-16 21:45:34 +0000"
    },
    "done": false
  },
  "betterend:recipes/decorations/dragon_tree_chair": {
    "criteria": {
      "has_stick": "2024-08-16 21:45:34 +0000"
    },
    "done": false
  },
  "DataVersion": 3465
}