{
  "takesapillage:root": {
    "criteria": {
      "always": "2024-07-31 04:08:51 +0000"
    },
    "done": true
  },
  "aquaculture:recipes/aquaculture/heavy_hook": {
    "criteria": {
      "has_items": "2024-07-31 04:08:51 +0000"
    },
    "done": false
  },
  "mcwfences:recipes/dark_oak": {
    "criteria": {
      "has_dark_oak": "2024-07-31 04:08:51 +0000"
    },
    "done": true
  },
  "aquaculture:recipes/misc/neptunium_ingot_from_neptunium_block": {
    "criteria": {
      "has_items": "2024-07-31 04:08:51 +0000"
    },
    "done": false
  },
  "mcwfences:recipes/crimson": {
    "criteria": {
      "has_crimson": "2024-07-31 04:08:51 +0000"
    },
    "done": true
  },
  "create:root": {
    "criteria": {
      "0": "2024-07-31 04:08:51 +0000"
    },
    "done": true
  },
  "minecraft:recipes/decorations/crafting_table": {
    "criteria": {
      "unlock_right_away": "2024-07-31 04:08:51 +0000"
    },
    "done": false
  },
  "mcwfences:recipes/jungle": {
    "criteria": {
      "has_jungle": "2024-07-31 04:08:51 +0000"
    },
    "done": true
  },
  "naturalist:recipes/food/cooked_egg": {
    "criteria": {
      "has_eggs": "2024-07-31 04:08:51 +0000"
    },
    "done": false
  },
  "mcwfences:recipes/warped": {
    "criteria": {
      "has_warped": "2024-07-31 04:08:51 +0000"
    },
    "done": true
  },
  "minecraft:recipes/food/cooked_cod_from_grill_cooking": {
    "criteria": {
      "has_cod": "2024-07-31 04:10:15 +0000"
    },
    "done": false
  },
  "farmersdelight:recipes/cooking/baked_cod_stew": {
    "criteria": {
      "has_any_ingredient": "2024-07-31 04:10:15 +0000"
    },
    "done": false
  },
  "minecraft:husbandry/breed_an_animal": {
    "criteria": {
      "bred": "2024-07-31 04:10:41 +0000"
    },
    "done": true
  },
  "minecraft:husbandry/complete_catalogue": {
    "criteria": {
      "minecraft:black": "2024-07-31 04:10:33 +0000",
      "minecraft:red": "2024-07-31 04:10:27 +0000"
    },
    "done": false
  },
  "vanillacookbook:recipes/raw_fish": {
    "criteria": {
      "has_raw_fish": "2024-07-31 04:10:15 +0000"
    },
    "done": true
  },
  "minecraft:husbandry/tame_an_animal": {
    "criteria": {
      "tamed_animal": "2024-07-31 04:10:27 +0000"
    },
    "done": true
  },
  "biomesoplenty:biomesoplenty/root": {
    "criteria": {
      "old_growth_woodland": "2024-07-31 04:08:52 +0000",
      "rainforest": "2024-07-31 04:09:32 +0000"
    },
    "done": false
  },
  "aquaculture:recipes/decorations/acacia_fish_mount": {
    "criteria": {
      "has_items": "2024-07-31 04:08:51 +0000"
    },
    "done": false
  },
  "betterdungeons:root": {
    "criteria": {
      "always": "2024-07-31 04:08:51 +0000"
    },
    "done": true
  },
  "aquaculture:recipes/aquaculture/light_hook": {
    "criteria": {
      "has_items": "2024-07-31 04:08:51 +0000"
    },
    "done": false
  },
  "born_in_chaos_v1:bornin_chaos": {
    "criteria": {
      "bornin_chaos_0": "2024-07-31 04:08:51 +0000"
    },
    "done": true
  },
  "mcwfences:recipes/birch": {
    "criteria": {
      "has_birch": "2024-07-31 04:08:51 +0000"
    },
    "done": true
  },
  "mcwfences:recipes/stone": {
    "criteria": {
      "has_stone": "2024-07-31 04:08:51 +0000"
    },
    "done": true
  },
  "aquaculture:recipes/tools/iron_fishing_rod": {
    "criteria": {
      "has_vanilla_rod": "2024-07-31 04:08:51 +0000"
    },
    "done": false
  },
  "mcwfences:recipes/sandstone": {
    "criteria": {
      "has_sand": "2024-07-31 04:08:51 +0000"
    },
    "done": true
  },
  "aquaculture:recipes/decorations/oak_fish_mount": {
    "criteria": {
      "has_items": "2024-07-31 04:08:51 +0000"
    },
    "done": false
  },
  "mcwfences:recipes/acacia": {
    "criteria": {
      "has_acacia": "2024-07-31 04:08:51 +0000"
    },
    "done": true
  },
  "mcwfences:recipes/oak": {
    "criteria": {
      "has_oak": "2024-07-31 04:08:51 +0000"
    },
    "done": true
  },
  "aquaculture:recipes/aquaculture/double_hook": {
    "criteria": {
      "has_items": "2024-07-31 04:08:51 +0000"
    },
    "done": false
  },
  "mcwfences:recipes/hedge": {
    "criteria": {
      "has_birch": "2024-07-31 04:08:51 +0000"
    },
    "done": true
  },
  "herbalbrews:main/root": {
    "criteria": {
      "seeds": "2024-07-31 04:08:51 +0000"
    },
    "done": true
  },
  "betterdeserttemples:root": {
    "criteria": {
      "always": "2024-07-31 04:08:51 +0000"
    },
    "done": true
  },
  "aquaculture:recipes/aquaculture/fishing_line": {
    "criteria": {
      "has_items": "2024-07-31 04:08:51 +0000"
    },
    "done": false
  },
  "aquaculture:recipes/aquaculture/iron_hook": {
    "criteria": {
      "has_items": "2024-07-31 04:08:51 +0000"
    },
    "done": false
  },
  "vinery:main/root": {
    "criteria": {
      "seeds": "2024-07-31 04:08:51 +0000"
    },
    "done": true
  },
  "aquaculture:recipes/misc/jellyfish_to_slimeball": {
    "criteria": {
      "has_items": "2024-07-31 04:08:51 +0000"
    },
    "done": false
  },
  "aquaculture:recipes/tools/diamond_fishing_rod": {
    "criteria": {
      "has_vanilla_rod": "2024-07-31 04:08:51 +0000"
    },
    "done": false
  },
  "minecraft:recipes/food/cooked_cod_from_campfire_cooking": {
    "criteria": {
      "has_cod": "2024-07-31 04:10:15 +0000"
    },
    "done": false
  },
  "minecraft:recipes/food/cooked_cod": {
    "criteria": {
      "has_cod": "2024-07-31 04:10:15 +0000"
    },
    "done": false
  },
  "aquaculture:recipes/misc/tin_can_to_iron_nugget": {
    "criteria": {
      "has_items": "2024-07-31 04:08:51 +0000"
    },
    "done": false
  },
  "minecraft:recipes/food/cooked_cod_from_smoking": {
    "criteria": {
      "has_cod": "2024-07-31 04:10:15 +0000"
    },
    "done": false
  },
  "aquaculture:recipes/decorations/birch_fish_mount": {
    "criteria": {
      "has_items": "2024-07-31 04:08:51 +0000"
    },
    "done": false
  },
  "mcwfences:recipes/prismarine": {
    "criteria": {
      "has_qq": "2024-07-31 04:08:51 +0000"
    },
    "done": true
  },
  "mcwfences:recipes/quartz": {
    "criteria": {
      "has_qq": "2024-07-31 04:08:51 +0000"
    },
    "done": true
  },
  "aquaculture:recipes/misc/iron_nugget_from_smelting": {
    "criteria": {
      "has_fishing_rod": "2024-07-31 04:08:51 +0000",
      "has_fillet_knife": "2024-07-31 04:08:51 +0000"
    },
    "done": false
  },
  "aquaculture:recipes/tools/golden_fishing_rod": {
    "criteria": {
      "has_vanilla_rod": "2024-07-31 04:08:51 +0000"
    },
    "done": false
  },
  "aquaculture:recipes/misc/gold_nugget_from_smelting": {
    "criteria": {
      "has_fishing_rod": "2024-07-31 04:08:51 +0000",
      "has_fillet_knife": "2024-07-31 04:08:51 +0000"
    },
    "done": false
  },
  "beautify:progression/root": {
    "criteria": {
      "Install": "2024-07-31 04:08:51 +0000"
    },
    "done": true
  },
  "mcwfences:recipes/mangrove": {
    "criteria": {
      "has_mangrove": "2024-07-31 04:08:51 +0000"
    },
    "done": true
  },
  "aquaculture:recipes/misc/bonemeal_from_fish_bones": {
    "criteria": {
      "has_items": "2024-07-31 04:08:51 +0000"
    },
    "done": false
  },
  "mcwfences:recipes/nether": {
    "criteria": {
      "has_nether_brick": "2024-07-31 04:08:51 +0000"
    },
    "done": true
  },
  "mcwfences:recipes/bamboo": {
    "criteria": {
      "has_bamboo": "2024-07-31 04:08:51 +0000"
    },
    "done": true
  },
  "aquaculture:recipes/misc/brown_mushroom_from_fish": {
    "criteria": {
      "has_items": "2024-07-31 04:08:51 +0000"
    },
    "done": false
  },
  "mcwfences:recipes/spruce": {
    "criteria": {
      "has_spruce": "2024-07-31 04:08:51 +0000"
    },
    "done": true
  },
  "minecraft:husbandry/bred_all_animals": {
    "criteria": {
      "minecraft:cat": "2024-07-31 04:10:41 +0000"
    },
    "done": false
  },
  "aquaculture:recipes/misc/neptinium_ingot_from_blasting": {
    "criteria": {
      "has_leggings": "2024-07-31 04:08:51 +0000",
      "has_axe": "2024-07-31 04:08:51 +0000",
      "has_helmet": "2024-07-31 04:08:51 +0000",
      "has_fishing_rod": "2024-07-31 04:08:51 +0000",
      "has_bow": "2024-07-31 04:08:51 +0000",
      "has_chestplate": "2024-07-31 04:08:51 +0000",
      "has_sword": "2024-07-31 04:08:51 +0000",
      "has_fillet_knife": "2024-07-31 04:08:51 +0000",
      "has_shovel": "2024-07-31 04:08:51 +0000",
      "has_hoe": "2024-07-31 04:08:51 +0000",
      "has_boots": "2024-07-31 04:08:51 +0000",
      "has_pickaxe": "2024-07-31 04:08:51 +0000"
    },
    "done": false
  },
  "cold_sweat:root": {
    "criteria": {
      "requirement": "2024-07-31 04:08:51 +0000"
    },
    "done": true
  },
  "aquaculture:recipes/decorations/dark_oak_fish_mount": {
    "criteria": {
      "has_items": "2024-07-31 04:08:51 +0000"
    },
    "done": false
  },
  "bakery:main/root": {
    "criteria": {
      "seeds": "2024-07-31 04:08:51 +0000"
    },
    "done": true
  },
  "aquaculture:recipes/aquaculture/diamond_hook": {
    "criteria": {
      "has_items": "2024-07-31 04:08:51 +0000"
    },
    "done": false
  },
  "aquaculture:recipes/food/sushi": {
    "criteria": {
      "has_alt_items": "2024-07-31 04:08:51 +0000",
      "has_items": "2024-07-31 04:08:51 +0000"
    },
    "done": false
  },
  "aquaculture:recipes/misc/red_mushroom_from_fish": {
    "criteria": {
      "has_items": "2024-07-31 04:08:51 +0000"
    },
    "done": false
  },
  "aquaculture:recipes/building_blocks/planks_from_driftwood": {
    "criteria": {
      "has_items": "2024-07-31 04:08:51 +0000"
    },
    "done": false
  },
  "mcwfences:recipes/end": {
    "criteria": {
      "has_end_brick": "2024-07-31 04:08:51 +0000"
    },
    "done": true
  },
  "aquaculture:recipes/aquaculture/worm_farm": {
    "criteria": {
      "has_items": "2024-07-31 04:08:51 +0000"
    },
    "done": false
  },
  "farmersdelight:recipes/cooking/fish_stew": {
    "criteria": {
      "has_any_ingredient": "2024-07-31 04:10:15 +0000"
    },
    "done": false
  },
  "vanillacookbook:recipes/cooking/raw_fish": {
    "criteria": {
      "has_raw_fish": "2024-07-31 04:10:15 +0000"
    },
    "done": true
  },
  "aquaculture:recipes/aquaculture/note_hook": {
    "criteria": {
      "has_items": "2024-07-31 04:08:51 +0000"
    },
    "done": false
  },
  "aquaculture:recipes/food/cooked_fish_fillet_from_campfire": {
    "criteria": {
      "has_items": "2024-07-31 04:08:51 +0000"
    },
    "done": false
  },
  "aquaculture:recipes/aquaculture/gold_hook": {
    "criteria": {
      "has_items": "2024-07-31 04:08:51 +0000"
    },
    "done": false
  },
  "aquaculture:recipes/decorations/spruce_fish_mount": {
    "criteria": {
      "has_items": "2024-07-31 04:08:51 +0000"
    },
    "done": false
  },
  "biomesoplenty:biomesoplenty/all_biomes": {
    "criteria": {
      "old_growth_woodland": "2024-07-31 04:08:52 +0000",
      "rainforest": "2024-07-31 04:09:32 +0000"
    },
    "done": false
  },
  "mcwfences:recipes/mud_brick": {
    "criteria": {
      "has_qq": "2024-07-31 04:08:51 +0000"
    },
    "done": true
  },
  "mcwfences:recipes/blackstone": {
    "criteria": {
      "has_blackstone": "2024-07-31 04:08:51 +0000"
    },
    "done": true
  },
  "aquaculture:recipes/misc/tin_can_to_iron_nugget_from_blasting": {
    "criteria": {
      "has_items": "2024-07-31 04:08:51 +0000"
    },
    "done": false
  },
  "cataclysm:root": {
    "criteria": {
      "custom_test_name": "2024-07-31 04:08:51 +0000"
    },
    "done": true
  },
  "mcwfences:recipes/deepslate": {
    "criteria": {
      "has_deepslate": "2024-07-31 04:08:51 +0000"
    },
    "done": true
  },
  "aquaculture:recipes/aquaculture/redstone_hook": {
    "criteria": {
      "has_items": "2024-07-31 04:08:51 +0000"
    },
    "done": false
  },
  "aquaculture:recipes/misc/gold_nugget_from_blasting": {
    "criteria": {
      "has_fishing_rod": "2024-07-31 04:08:51 +0000",
      "has_fillet_knife": "2024-07-31 04:08:51 +0000"
    },
    "done": false
  },
  "aquaculture:recipes/aquaculture/bobber": {
    "criteria": {
      "has_items": "2024-07-31 04:08:51 +0000"
    },
    "done": false
  },
  "aquaculture:recipes/misc/gold_nugget_from_gold_fish": {
    "criteria": {
      "has_items": "2024-07-31 04:08:51 +0000"
    },
    "done": false
  },
  "aquaculture:recipes/food/cooked_fish_fillet_from_smoking": {
    "criteria": {
      "has_items": "2024-07-31 04:08:51 +0000"
    },
    "done": false
  },
  "farmersdelight:main/root": {
    "criteria": {
      "seeds": "2024-07-31 04:08:51 +0000"
    },
    "done": true
  },
  "aquaculture:recipes/food/cooked_fish_fillet": {
    "criteria": {
      "has_items": "2024-07-31 04:08:51 +0000"
    },
    "done": false
  },
  "brewery:main/root": {
    "criteria": {
      "seeds": "2024-07-31 04:08:51 +0000"
    },
    "done": true
  },
  "aquaculture:recipes/misc/neptunium_ingot_from_nuggets": {
    "criteria": {
      "has_items": "2024-07-31 04:08:51 +0000"
    },
    "done": false
  },
  "aquaculture:recipes/misc/iron_nugget_from_blasting": {
    "criteria": {
      "has_fishing_rod": "2024-07-31 04:08:51 +0000",
      "has_fillet_knife": "2024-07-31 04:08:51 +0000"
    },
    "done": false
  },
  "candlelight:main/root": {
    "criteria": {
      "seeds": "2024-07-31 04:08:51 +0000"
    },
    "done": true
  },
  "cold_sweat:recipes/thermometer": {
    "criteria": {
      "temperature": "2024-07-31 04:08:51 +0000"
    },
    "done": false
  },
  "cold_sweat:extreme_temps": {
    "criteria": {
      "requirement": "2024-07-31 04:08:51 +0000"
    },
    "done": true
  },
  "aquaculture:recipes/decorations/jungle_fish_mount": {
    "criteria": {
      "has_items": "2024-07-31 04:08:51 +0000"
    },
    "done": false
  },
  "DataVersion": 3465
}