{
  "takesapillage:root": {
    "criteria": {
      "always": "2024-08-01 04:45:24 +0000"
    },
    "done": true
  },
  "aquaculture:recipes/aquaculture/heavy_hook": {
    "criteria": {
      "has_items": "2024-08-01 04:45:24 +0000"
    },
    "done": false
  },
  "mcwfences:recipes/dark_oak": {
    "criteria": {
      "has_dark_oak": "2024-08-01 04:45:24 +0000"
    },
    "done": true
  },
  "aquaculture:recipes/misc/neptunium_ingot_from_neptunium_block": {
    "criteria": {
      "has_items": "2024-08-01 04:45:24 +0000"
    },
    "done": false
  },
  "mcwfences:recipes/crimson": {
    "criteria": {
      "has_crimson": "2024-08-01 04:45:24 +0000"
    },
    "done": true
  },
  "create:root": {
    "criteria": {
      "0": "2024-08-01 04:45:24 +0000"
    },
    "done": true
  },
  "minecraft:recipes/decorations/crafting_table": {
    "criteria": {
      "unlock_right_away": "2024-08-01 04:45:24 +0000"
    },
    "done": false
  },
  "mcwfences:recipes/jungle": {
    "criteria": {
      "has_jungle": "2024-08-01 04:45:24 +0000"
    },
    "done": true
  },
  "naturalist:recipes/food/cooked_egg": {
    "criteria": {
      "has_eggs": "2024-08-01 04:45:24 +0000"
    },
    "done": false
  },
  "mcwfences:recipes/warped": {
    "criteria": {
      "has_warped": "2024-08-01 04:45:24 +0000"
    },
    "done": true
  },
  "aquaculture:recipes/decorations/acacia_fish_mount": {
    "criteria": {
      "has_items": "2024-08-01 04:45:24 +0000"
    },
    "done": false
  },
  "betterdungeons:root": {
    "criteria": {
      "always": "2024-08-01 04:45:24 +0000"
    },
    "done": true
  },
  "aquaculture:recipes/aquaculture/light_hook": {
    "criteria": {
      "has_items": "2024-08-01 04:45:24 +0000"
    },
    "done": false
  },
  "born_in_chaos_v1:bornin_chaos": {
    "criteria": {
      "bornin_chaos_0": "2024-08-01 04:45:24 +0000"
    },
    "done": true
  },
  "mcwfences:recipes/birch": {
    "criteria": {
      "has_birch": "2024-08-01 04:45:24 +0000"
    },
    "done": true
  },
  "mcwfences:recipes/stone": {
    "criteria": {
      "has_stone": "2024-08-01 04:45:24 +0000"
    },
    "done": true
  },
  "aquaculture:recipes/tools/iron_fishing_rod": {
    "criteria": {
      "has_vanilla_rod": "2024-08-01 04:45:24 +0000"
    },
    "done": false
  },
  "mcwfences:recipes/sandstone": {
    "criteria": {
      "has_sand": "2024-08-01 04:45:24 +0000"
    },
    "done": true
  },
  "aquaculture:recipes/decorations/oak_fish_mount": {
    "criteria": {
      "has_items": "2024-08-01 04:45:24 +0000"
    },
    "done": false
  },
  "mcwfences:recipes/acacia": {
    "criteria": {
      "has_acacia": "2024-08-01 04:45:24 +0000"
    },
    "done": true
  },
  "mcwfences:recipes/oak": {
    "criteria": {
      "has_oak": "2024-08-01 04:45:24 +0000"
    },
    "done": true
  },
  "aquaculture:recipes/aquaculture/double_hook": {
    "criteria": {
      "has_items": "2024-08-01 04:45:24 +0000"
    },
    "done": false
  },
  "mcwfences:recipes/hedge": {
    "criteria": {
      "has_birch": "2024-08-01 04:45:24 +0000"
    },
    "done": true
  },
  "herbalbrews:main/root": {
    "criteria": {
      "seeds": "2024-08-01 04:45:24 +0000"
    },
    "done": true
  },
  "betterdeserttemples:root": {
    "criteria": {
      "always": "2024-08-01 04:45:24 +0000"
    },
    "done": true
  },
  "aquaculture:recipes/aquaculture/fishing_line": {
    "criteria": {
      "has_items": "2024-08-01 04:45:24 +0000"
    },
    "done": false
  },
  "aquaculture:recipes/aquaculture/iron_hook": {
    "criteria": {
      "has_items": "2024-08-01 04:45:24 +0000"
    },
    "done": false
  },
  "vinery:main/root": {
    "criteria": {
      "seeds": "2024-08-01 04:45:24 +0000"
    },
    "done": true
  },
  "aquaculture:recipes/misc/jellyfish_to_slimeball": {
    "criteria": {
      "has_items": "2024-08-01 04:45:24 +0000"
    },
    "done": false
  },
  "aquaculture:recipes/tools/diamond_fishing_rod": {
    "criteria": {
      "has_vanilla_rod": "2024-08-01 04:45:24 +0000"
    },
    "done": false
  },
  "aquaculture:recipes/misc/tin_can_to_iron_nugget": {
    "criteria": {
      "has_items": "2024-08-01 04:45:24 +0000"
    },
    "done": false
  },
  "aquaculture:recipes/decorations/birch_fish_mount": {
    "criteria": {
      "has_items": "2024-08-01 04:45:24 +0000"
    },
    "done": false
  },
  "mcwfences:recipes/prismarine": {
    "criteria": {
      "has_qq": "2024-08-01 04:45:24 +0000"
    },
    "done": true
  },
  "mcwfences:recipes/quartz": {
    "criteria": {
      "has_qq": "2024-08-01 04:45:24 +0000"
    },
    "done": true
  },
  "aquaculture:recipes/misc/iron_nugget_from_smelting": {
    "criteria": {
      "has_fishing_rod": "2024-08-01 04:45:24 +0000",
      "has_fillet_knife": "2024-08-01 04:45:24 +0000"
    },
    "done": false
  },
  "aquaculture:recipes/tools/golden_fishing_rod": {
    "criteria": {
      "has_vanilla_rod": "2024-08-01 04:45:24 +0000"
    },
    "done": false
  },
  "aquaculture:recipes/misc/gold_nugget_from_smelting": {
    "criteria": {
      "has_fishing_rod": "2024-08-01 04:45:24 +0000",
      "has_fillet_knife": "2024-08-01 04:45:24 +0000"
    },
    "done": false
  },
  "beautify:progression/root": {
    "criteria": {
      "Install": "2024-08-01 04:45:24 +0000"
    },
    "done": true
  },
  "mcwfences:recipes/mangrove": {
    "criteria": {
      "has_mangrove": "2024-08-01 04:45:24 +0000"
    },
    "done": true
  },
  "aquaculture:recipes/misc/bonemeal_from_fish_bones": {
    "criteria": {
      "has_items": "2024-08-01 04:45:24 +0000"
    },
    "done": false
  },
  "mcwfences:recipes/nether": {
    "criteria": {
      "has_nether_brick": "2024-08-01 04:45:24 +0000"
    },
    "done": true
  },
  "mcwfences:recipes/bamboo": {
    "criteria": {
      "has_bamboo": "2024-08-01 04:45:24 +0000"
    },
    "done": true
  },
  "aquaculture:recipes/misc/brown_mushroom_from_fish": {
    "criteria": {
      "has_items": "2024-08-01 04:45:24 +0000"
    },
    "done": false
  },
  "mcwfences:recipes/spruce": {
    "criteria": {
      "has_spruce": "2024-08-01 04:45:24 +0000"
    },
    "done": true
  },
  "aquaculture:recipes/misc/neptinium_ingot_from_blasting": {
    "criteria": {
      "has_leggings": "2024-08-01 04:45:24 +0000",
      "has_axe": "2024-08-01 04:45:24 +0000",
      "has_helmet": "2024-08-01 04:45:24 +0000",
      "has_fishing_rod": "2024-08-01 04:45:24 +0000",
      "has_bow": "2024-08-01 04:45:24 +0000",
      "has_chestplate": "2024-08-01 04:45:24 +0000",
      "has_sword": "2024-08-01 04:45:24 +0000",
      "has_fillet_knife": "2024-08-01 04:45:24 +0000",
      "has_shovel": "2024-08-01 04:45:24 +0000",
      "has_hoe": "2024-08-01 04:45:24 +0000",
      "has_boots": "2024-08-01 04:45:24 +0000",
      "has_pickaxe": "2024-08-01 04:45:24 +0000"
    },
    "done": false
  },
  "cold_sweat:root": {
    "criteria": {
      "requirement": "2024-08-01 04:45:24 +0000"
    },
    "done": true
  },
  "aquaculture:recipes/decorations/dark_oak_fish_mount": {
    "criteria": {
      "has_items": "2024-08-01 04:45:24 +0000"
    },
    "done": false
  },
  "bakery:main/root": {
    "criteria": {
      "seeds": "2024-08-01 04:45:24 +0000"
    },
    "done": true
  },
  "aquaculture:recipes/aquaculture/diamond_hook": {
    "criteria": {
      "has_items": "2024-08-01 04:45:24 +0000"
    },
    "done": false
  },
  "aquaculture:recipes/food/sushi": {
    "criteria": {
      "has_alt_items": "2024-08-01 04:45:24 +0000",
      "has_items": "2024-08-01 04:45:24 +0000"
    },
    "done": false
  },
  "aquaculture:recipes/misc/red_mushroom_from_fish": {
    "criteria": {
      "has_items": "2024-08-01 04:45:24 +0000"
    },
    "done": false
  },
  "aquaculture:recipes/building_blocks/planks_from_driftwood": {
    "criteria": {
      "has_items": "2024-08-01 04:45:24 +0000"
    },
    "done": false
  },
  "mcwfences:recipes/end": {
    "criteria": {
      "has_end_brick": "2024-08-01 04:45:24 +0000"
    },
    "done": true
  },
  "aquaculture:recipes/aquaculture/worm_farm": {
    "criteria": {
      "has_items": "2024-08-01 04:45:24 +0000"
    },
    "done": false
  },
  "aquaculture:recipes/aquaculture/note_hook": {
    "criteria": {
      "has_items": "2024-08-01 04:45:24 +0000"
    },
    "done": false
  },
  "aquaculture:recipes/food/cooked_fish_fillet_from_campfire": {
    "criteria": {
      "has_items": "2024-08-01 04:45:24 +0000"
    },
    "done": false
  },
  "aquaculture:recipes/aquaculture/gold_hook": {
    "criteria": {
      "has_items": "2024-08-01 04:45:24 +0000"
    },
    "done": false
  },
  "aquaculture:recipes/decorations/spruce_fish_mount": {
    "criteria": {
      "has_items": "2024-08-01 04:45:24 +0000"
    },
    "done": false
  },
  "mcwfences:recipes/mud_brick": {
    "criteria": {
      "has_qq": "2024-08-01 04:45:24 +0000"
    },
    "done": true
  },
  "mcwfences:recipes/blackstone": {
    "criteria": {
      "has_blackstone": "2024-08-01 04:45:24 +0000"
    },
    "done": true
  },
  "aquaculture:recipes/misc/tin_can_to_iron_nugget_from_blasting": {
    "criteria": {
      "has_items": "2024-08-01 04:45:24 +0000"
    },
    "done": false
  },
  "cataclysm:root": {
    "criteria": {
      "custom_test_name": "2024-08-01 04:45:24 +0000"
    },
    "done": true
  },
  "mcwfences:recipes/deepslate": {
    "criteria": {
      "has_deepslate": "2024-08-01 04:45:24 +0000"
    },
    "done": true
  },
  "aquaculture:recipes/aquaculture/redstone_hook": {
    "criteria": {
      "has_items": "2024-08-01 04:45:24 +0000"
    },
    "done": false
  },
  "aquaculture:recipes/misc/gold_nugget_from_blasting": {
    "criteria": {
      "has_fishing_rod": "2024-08-01 04:45:24 +0000",
      "has_fillet_knife": "2024-08-01 04:45:24 +0000"
    },
    "done": false
  },
  "aquaculture:recipes/aquaculture/bobber": {
    "criteria": {
      "has_items": "2024-08-01 04:45:24 +0000"
    },
    "done": false
  },
  "aquaculture:recipes/misc/gold_nugget_from_gold_fish": {
    "criteria": {
      "has_items": "2024-08-01 04:45:24 +0000"
    },
    "done": false
  },
  "aquaculture:recipes/food/cooked_fish_fillet_from_smoking": {
    "criteria": {
      "has_items": "2024-08-01 04:45:24 +0000"
    },
    "done": false
  },
  "farmersdelight:main/root": {
    "criteria": {
      "seeds": "2024-08-01 04:45:24 +0000"
    },
    "done": true
  },
  "aquaculture:recipes/food/cooked_fish_fillet": {
    "criteria": {
      "has_items": "2024-08-01 04:45:24 +0000"
    },
    "done": false
  },
  "brewery:main/root": {
    "criteria": {
      "seeds": "2024-08-01 04:45:24 +0000"
    },
    "done": true
  },
  "aquaculture:recipes/misc/neptunium_ingot_from_nuggets": {
    "criteria": {
      "has_items": "2024-08-01 04:45:24 +0000"
    },
    "done": false
  },
  "aquaculture:recipes/misc/iron_nugget_from_blasting": {
    "criteria": {
      "has_fishing_rod": "2024-08-01 04:45:24 +0000",
      "has_fillet_knife": "2024-08-01 04:45:24 +0000"
    },
    "done": false
  },
  "candlelight:main/root": {
    "criteria": {
      "seeds": "2024-08-01 04:45:24 +0000"
    },
    "done": true
  },
  "cold_sweat:recipes/thermometer": {
    "criteria": {
      "temperature": "2024-08-01 04:45:24 +0000"
    },
    "done": false
  },
  "cold_sweat:extreme_temps": {
    "criteria": {
      "requirement": "2024-08-01 04:45:24 +0000"
    },
    "done": true
  },
  "aquaculture:recipes/decorations/jungle_fish_mount": {
    "criteria": {
      "has_items": "2024-08-01 04:45:24 +0000"
    },
    "done": false
  },
  "betterend:root": {
    "criteria": {
      "welcome": "2024-08-01 04:45:25 +0000"
    },
    "done": true
  },
  "biomesoplenty:biomesoplenty/root": {
    "criteria": {
      "muskeg": "2024-08-01 05:19:24 +0000",
      "snowblossom_grove": "2024-08-01 04:51:01 +0000",
      "cold_desert": "2024-08-01 04:51:00 +0000",
      "seasonal_orchard": "2024-08-01 05:22:24 +0000",
      "pumpkin_patch": "2024-08-01 05:22:43 +0000",
      "snowy_fir_clearing": "2024-08-01 04:45:25 +0000",
      "tundra": "2024-08-01 04:51:02 +0000"
    },
    "done": false
  },
  "biomesoplenty:biomesoplenty/all_biomes": {
    "criteria": {
      "muskeg": "2024-08-01 05:19:24 +0000",
      "snowblossom_grove": "2024-08-01 04:51:01 +0000",
      "cold_desert": "2024-08-01 04:51:00 +0000",
      "seasonal_orchard": "2024-08-01 05:22:24 +0000",
      "pumpkin_patch": "2024-08-01 05:22:43 +0000",
      "snowy_fir_clearing": "2024-08-01 04:45:25 +0000",
      "tundra": "2024-08-01 04:51:02 +0000"
    },
    "done": false
  },
  "mcwbridges:recipes/andesite_bridge_stair": {
    "criteria": {
      "has_planks": "2024-08-01 04:56:30 +0000"
    },
    "done": false
  },
  "farmersdelight:recipes/cooking/mushroom_rice": {
    "criteria": {
      "has_any_ingredient": "2024-08-01 05:08:23 +0000"
    },
    "done": false
  },
  "smallships:recipes/transportation/bamboo_galley": {
    "criteria": {
      "in_water": "2024-08-01 05:25:26 +0000"
    },
    "done": false
  },
  "farmersdelight:recipes/food/grilled_salmon": {
    "criteria": {
      "has_salmon": "2024-08-01 05:06:40 +0000"
    },
    "done": false
  },
  "vanillacookbook:recipes/kelp": {
    "criteria": {
      "has_kelp": "2024-08-01 05:08:23 +0000"
    },
    "done": true
  },
  "refurbished_furniture:recipes/misc/constructing/spruce_table": {
    "criteria": {
      "has_spruce_planks": "2024-08-01 05:09:00 +0000"
    },
    "done": false
  },
  "refurbished_furniture:recipes/misc/constructing/green_stool": {
    "criteria": {
      "has_planks": "2024-08-01 05:09:00 +0000"
    },
    "done": false
  },
  "vanillacookbook:recipes/cooking/kelp": {
    "criteria": {
      "has_kelp": "2024-08-01 05:08:23 +0000"
    },
    "done": true
  },
  "smallships:recipes/transportation/spruce_cog": {
    "criteria": {
      "in_water": "2024-08-01 05:25:26 +0000"
    },
    "done": false
  },
  "smallships:recipes/transportation/acacia_cog": {
    "criteria": {
      "in_water": "2024-08-01 05:25:26 +0000"
    },
    "done": false
  },
  "ecologics:recipes/ecologics/azalea_boat": {
    "criteria": {
      "in_water": "2024-08-01 05:25:26 +0000"
    },
    "done": false
  },
  "create:recipes/building_blocks/polished_cut_andesite_stairs_from_stone_types_andesite_stonecutting": {
    "criteria": {
      "has_stone_types_andesite": "2024-08-01 04:56:30 +0000"
    },
    "done": false
  },
  "refurbished_furniture:recipes/misc/constructing/red_lamp": {
    "criteria": {
      "has_planks": "2024-08-01 05:09:00 +0000"
    },
    "done": false
  },
  "vanillacookbook:recipes/cooking/slime": {
    "criteria": {
      "has_slime_ball": "2024-08-01 05:08:23 +0000"
    },
    "done": true
  },
  "biomesoplenty:recipes/transportation/willow_boat": {
    "criteria": {
      "in_water": "2024-08-01 05:25:26 +0000"
    },
    "done": false
  },
  "miners_delight:recipes/cooking/cave_soup": {
    "criteria": {
      "has_any_ingredient": "2024-08-01 05:08:23 +0000"
    },
    "done": false
  },
  "refurbished_furniture:recipes/misc/constructing/spruce_kitchen_drawer": {
    "criteria": {
      "has_spruce_planks": "2024-08-01 05:09:00 +0000"
    },
    "done": false
  },
  "smallships:recipes/transportation/jungle_cog": {
    "criteria": {
      "in_water": "2024-08-01 05:25:26 +0000"
    },
    "done": false
  },
  "bakery:main/place_stove": {
    "criteria": {
      "brick_stove": "2024-08-01 05:10:29 +0000"
    },
    "done": false
  },
  "refurbished_furniture:recipes/misc/constructing/yellow_sofa": {
    "criteria": {
      "has_planks": "2024-08-01 05:09:00 +0000"
    },
    "done": false
  },
  "refurbished_furniture:recipes/misc/constructing/orange_sofa": {
    "criteria": {
      "has_planks": "2024-08-01 05:09:00 +0000"
    },
    "done": false
  },
  "minecraft:recipes/decorations/chest": {
    "criteria": {
      "has_lots_of_items": "2024-08-01 05:08:23 +0000"
    },
    "done": false
  },
  "minecraft:recipes/misc/stick": {
    "criteria": {
      "has_planks": "2024-08-01 05:09:00 +0000"
    },
    "done": false
  },
  "minecraft:adventure/summon_iron_golem": {
    "criteria": {
      "summoned_golem": "2024-08-01 05:27:37 +0000"
    },
    "done": true
  },
  "minecraft:recipes/transportation/cherry_boat": {
    "criteria": {
      "in_water": "2024-08-01 05:25:26 +0000"
    },
    "done": false
  },
  "cfm:recipes/decorations/spruce_desk": {
    "criteria": {
      "has_planks": "2024-08-01 05:09:00 +0000"
    },
    "done": false
  },
  "smallships:recipes/transportation/oak_drakkar": {
    "criteria": {
      "in_water": "2024-08-01 05:25:26 +0000"
    },
    "done": false
  },
  "refurbished_furniture:recipes/misc/constructing/magenta_stool": {
    "criteria": {
      "has_planks": "2024-08-01 05:09:00 +0000"
    },
    "done": false
  },
  "minecraft:recipes/food/cooked_cod_from_grill_cooking": {
    "criteria": {
      "has_cod": "2024-08-01 04:52:31 +0000"
    },
    "done": false
  },
  "farlanders:root": {
    "criteria": {
      "attack_anything": "2024-08-01 04:55:36 +0000"
    },
    "done": true
  },
  "farmersdelight:recipes/cooking/baked_cod_stew": {
    "criteria": {
      "has_any_ingredient": "2024-08-01 04:52:31 +0000"
    },
    "done": false
  },
  "biomesoplenty:recipes/transportation/dead_boat": {
    "criteria": {
      "in_water": "2024-08-01 05:25:26 +0000"
    },
    "done": false
  },
  "biomesoplenty:recipes/transportation/magic_boat": {
    "criteria": {
      "in_water": "2024-08-01 05:25:26 +0000"
    },
    "done": false
  },
  "vinery:main/wine_collector": {
    "criteria": {
      "vinery:chorus_wine": "2024-08-01 05:16:32 +0000",
      "vinery:bottle_mojang_noir": "2024-08-01 05:17:39 +0000",
      "vinery:red_wine": "2024-08-01 05:17:37 +0000",
      "vinery:noir_wine": "2024-08-01 05:17:42 +0000"
    },
    "done": false
  },
  "refurbished_furniture:recipes/misc/constructing/spruce_light_ceiling_fan": {
    "criteria": {
      "has_spruce_planks": "2024-08-01 05:09:00 +0000"
    },
    "done": false
  },
  "smallships:recipes/transportation/jungle_brigg": {
    "criteria": {
      "in_water": "2024-08-01 05:25:26 +0000"
    },
    "done": false
  },
  "refurbished_furniture:recipes/misc/constructing/brown_cooler": {
    "criteria": {
      "has_planks": "2024-08-01 05:09:00 +0000"
    },
    "done": false
  },
  "candlelight:recipes/spruce_cabinet": {
    "criteria": {
      "has_spruce_planks": "2024-08-01 05:09:00 +0000"
    },
    "done": false
  },
  "minecraft:recipes/building_blocks/polished_andesite_stairs_from_polished_andesite_stonecutting": {
    "criteria": {
      "has_polished_andesite": "2024-08-01 05:02:44 +0000"
    },
    "done": false
  },
  "refurbished_furniture:recipes/misc/slicing/yellow_dye_from_dandelion": {
    "criteria": {
      "has_dandelion": "2024-08-01 05:08:24 +0000"
    },
    "done": false
  },
  "refurbished_furniture:recipes/misc/constructing/cyan_cooler": {
    "criteria": {
      "has_planks": "2024-08-01 05:09:00 +0000"
    },
    "done": false
  },
  "sophisticatedstorage:recipes/misc/spruce_limited_barrel_2": {
    "criteria": {
      "has_spruce_plank": "2024-08-01 05:09:00 +0000"
    },
    "done": false
  },
  "sophisticatedstorage:recipes/misc/spruce_limited_barrel_1": {
    "criteria": {
      "has_spruce_plank": "2024-08-01 05:09:00 +0000"
    },
    "done": false
  },
  "sophisticatedstorage:recipes/misc/spruce_limited_barrel_4": {
    "criteria": {
      "has_spruce_plank": "2024-08-01 05:09:00 +0000"
    },
    "done": false
  },
  "sophisticatedstorage:recipes/misc/spruce_limited_barrel_3": {
    "criteria": {
      "has_spruce_plank": "2024-08-01 05:09:00 +0000"
    },
    "done": false
  },
  "minecraft:recipes/food/pumpkin_pie": {
    "criteria": {
      "has_carved_pumpkin": "2024-08-01 05:27:23 +0000"
    },
    "done": false
  },
  "smallships:recipes/transportation/spruce_galley": {
    "criteria": {
      "in_water": "2024-08-01 05:25:26 +0000"
    },
    "done": false
  },
  "minecraft:husbandry/complete_catalogue": {
    "criteria": {
      "minecraft:all_black": "2024-08-01 04:52:34 +0000"
    },
    "done": false
  },
  "smallships:recipes/transportation/birch_cog": {
    "criteria": {
      "in_water": "2024-08-01 05:25:26 +0000"
    },
    "done": false
  },
  "minecraft:recipes/redstone/spruce_button": {
    "criteria": {
      "has_planks": "2024-08-01 05:09:00 +0000"
    },
    "done": false
  },
  "vanillacookbook:recipes/raw_fish": {
    "criteria": {
      "has_raw_fish": "2024-08-01 04:52:31 +0000"
    },
    "done": true
  },
  "create:recipes/building_blocks/small_andesite_brick_stairs_from_stone_types_andesite_stonecutting": {
    "criteria": {
      "has_stone_types_andesite": "2024-08-01 04:56:30 +0000"
    },
    "done": false
  },
  "refurbished_furniture:recipes/misc/constructing/lime_stool": {
    "criteria": {
      "has_planks": "2024-08-01 05:09:00 +0000"
    },
    "done": false
  },
  "candlelight:recipes/spruce_table": {
    "criteria": {
      "has_spruce_planks": "2024-08-01 05:09:00 +0000"
    },
    "done": false
  },
  "minecraft:husbandry/tame_an_animal": {
    "criteria": {
      "tamed_animal": "2024-08-01 04:52:34 +0000"
    },
    "done": true
  },
  "herbalbrews:main/place_tea_kettle": {
    "criteria": {
      "tea_kettle": "2024-08-01 05:18:20 +0000"
    },
    "done": false
  },
  "refurbished_furniture:recipes/misc/constructing/light_gray_sofa": {
    "criteria": {
      "has_planks": "2024-08-01 05:09:00 +0000"
    },
    "done": false
  },
  "mcwbridges:recipes/andesite_bridge": {
    "criteria": {
      "has_planks": "2024-08-01 04:56:30 +0000"
    },
    "done": false
  },
  "minecraft:recipes/food/cooked_salmon_from_campfire_cooking": {
    "criteria": {
      "has_salmon": "2024-08-01 05:06:40 +0000"
    },
    "done": false
  },
  "candlelight:recipes/stone_bricks_kitchen_sink": {
    "criteria": {
      "has_stone_bricks": "2024-08-01 05:08:59 +0000"
    },
    "done": false
  },
  "minecraft:recipes/building_blocks/chiseled_stone_bricks_from_stone_bricks_stonecutting": {
    "criteria": {
      "has_stone_bricks": "2024-08-01 05:08:59 +0000"
    },
    "done": false
  },
  "candlelight:recipes/letter_open": {
    "criteria": {
      "has_paper": "2024-08-01 05:08:25 +0000"
    },
    "done": false
  },
  "minecraft:recipes/misc/iron_ingot_from_iron_block": {
    "criteria": {
      "has_iron_block": "2024-08-01 05:27:19 +0000"
    },
    "done": false
  },
  "minecraft:recipes/food/dried_kelp_from_grill_cooking": {
    "criteria": {
      "has_kelp": "2024-08-01 05:08:23 +0000"
    },
    "done": false
  },
  "supplementaries:recipes/turn_table": {
    "criteria": {
      "minecraft:planks": "2024-08-01 05:09:00 +0000"
    },
    "done": false
  },
  "minecraft:recipes/building_blocks/polished_andesite_slab": {
    "criteria": {
      "has_polished_andesite": "2024-08-01 05:02:44 +0000"
    },
    "done": false
  },
  "securitycraft:recipes/redstone/reinforced_sticky_piston": {
    "criteria": {
      "has_slime_ball": "2024-08-01 05:08:23 +0000"
    },
    "done": false
  },
  "create:recipes/building_blocks/polished_cut_andesite_from_stone_types_andesite_stonecutting": {
    "criteria": {
      "has_stone_types_andesite": "2024-08-01 04:56:30 +0000"
    },
    "done": false
  },
  "minecraft:recipes/transportation/acacia_boat": {
    "criteria": {
      "in_water": "2024-08-01 05:25:26 +0000"
    },
    "done": false
  },
  "refurbished_furniture:recipes/misc/constructing/green_lamp": {
    "criteria": {
      "has_planks": "2024-08-01 05:09:00 +0000"
    },
    "done": false
  },
  "minecraft:recipes/redstone/slime_block": {
    "criteria": {
      "has_slime_ball": "2024-08-01 05:08:23 +0000"
    },
    "done": false
  },
  "refurbished_furniture:recipes/misc/constructing/magenta_sofa": {
    "criteria": {
      "has_planks": "2024-08-01 05:09:00 +0000"
    },
    "done": false
  },
  "minecraft:recipes/food/cooked_salmon_from_grill_cooking": {
    "criteria": {
      "has_salmon": "2024-08-01 05:06:40 +0000"
    },
    "done": false
  },
  "minecraft:recipes/building_blocks/polished_andesite_stairs_from_andesite_stonecutting": {
    "criteria": {
      "has_andesite": "2024-08-01 04:56:30 +0000"
    },
    "done": false
  },
  "refurbished_furniture:recipes/misc/constructing/cyan_stool": {
    "criteria": {
      "has_planks": "2024-08-01 05:09:00 +0000"
    },
    "done": false
  },
  "bakery:main/place_baker_station": {
    "criteria": {
      "baker_station": "2024-08-01 05:11:29 +0000"
    },
    "done": true
  },
  "smallships:recipes/transportation/bamboo_brigg": {
    "criteria": {
      "in_water": "2024-08-01 05:25:26 +0000"
    },
    "done": false
  },
  "vanillacookbook:recipes/paper": {
    "criteria": {
      "has_paper": "2024-08-01 05:08:25 +0000"
    },
    "done": true
  },
  "vanillacookbook:recipes/flowers": {
    "criteria": {
      "has_dandelion": "2024-08-01 05:08:24 +0000"
    },
    "done": false
  },
  "create:recipes/building_blocks/layered_andesite_from_stone_types_andesite_stonecutting": {
    "criteria": {
      "has_stone_types_andesite": "2024-08-01 04:56:30 +0000"
    },
    "done": false
  },
  "minecraft:recipes/transportation/jungle_boat": {
    "criteria": {
      "in_water": "2024-08-01 05:25:26 +0000"
    },
    "done": false
  },
  "minecraft:recipes/redstone/lever": {
    "criteria": {
      "has_cobblestone": "2024-08-01 04:56:30 +0000"
    },
    "done": false
  },
  "refurbished_furniture:recipes/misc/constructing/magenta_trampoline": {
    "criteria": {
      "has_slime_ball": "2024-08-01 05:08:23 +0000"
    },
    "done": false
  },
  "twilightforest:recipes/transportation/mining_boat": {
    "criteria": {
      "in_water": "2024-08-01 05:25:26 +0000"
    },
    "done": false
  },
  "aquaculture:recipes/aquaculture/tackle_box": {
    "criteria": {
      "has_items": "2024-08-01 05:08:23 +0000"
    },
    "done": false
  },
  "refurbished_furniture:recipes/misc/constructing/brown_stool": {
    "criteria": {
      "has_planks": "2024-08-01 05:09:00 +0000"
    },
    "done": false
  },
  "minecraft:recipes/food/dried_kelp_from_smelting": {
    "criteria": {
      "has_kelp": "2024-08-01 05:08:23 +0000"
    },
    "done": false
  },
  "smallships:recipes/transportation/bamboo_cog": {
    "criteria": {
      "in_water": "2024-08-01 05:25:26 +0000"
    },
    "done": false
  },
  "refurbished_furniture:recipes/misc/constructing/spruce_kitchen_cabinetry": {
    "criteria": {
      "has_spruce_planks": "2024-08-01 05:09:00 +0000"
    },
    "done": false
  },
  "refurbished_furniture:recipes/misc/constructing/lime_lamp": {
    "criteria": {
      "has_planks": "2024-08-01 05:09:00 +0000"
    },
    "done": false
  },
  "minecraft:recipes/combat/stone_sword": {
    "criteria": {
      "has_cobblestone": "2024-08-01 04:56:30 +0000"
    },
    "done": false
  },
  "minecraft:recipes/food/dried_kelp_from_campfire_cooking": {
    "criteria": {
      "has_kelp": "2024-08-01 05:08:23 +0000"
    },
    "done": false
  },
  "sophisticatedstorage:recipes/misc/spruce_chest": {
    "criteria": {
      "has_spruce_plank": "2024-08-01 05:09:00 +0000"
    },
    "done": false
  },
  "minecraft:recipes/tools/stone_axe": {
    "criteria": {
      "has_cobblestone": "2024-08-01 04:56:30 +0000"
    },
    "done": false
  },
  "minecraft:recipes/decorations/spruce_sign": {
    "criteria": {
      "has_planks": "2024-08-01 05:09:00 +0000"
    },
    "done": false
  },
  "immersive_weathering:recipes/stone_bricks": {
    "criteria": {
      "has_copper_block": "2024-08-01 05:08:59 +0000"
    },
    "done": false
  },
  "refurbished_furniture:recipes/misc/constructing/spruce_lattice_fence": {
    "criteria": {
      "has_spruce_planks": "2024-08-01 05:09:00 +0000"
    },
    "done": false
  },
  "refurbished_furniture:recipes/misc/constructing/light_blue_cooler": {
    "criteria": {
      "has_planks": "2024-08-01 05:09:00 +0000"
    },
    "done": false
  },
  "refurbished_furniture:recipes/misc/constructing/pink_sofa": {
    "criteria": {
      "has_planks": "2024-08-01 05:09:00 +0000"
    },
    "done": false
  },
  "twilightdelight:recipes/frozen/cutting/ice_bomb": {
    "criteria": {
      "has_blue_ice": "2024-08-01 05:08:23 +0000"
    },
    "done": false
  },
  "refurbished_furniture:recipes/misc/constructing/brown_lamp": {
    "criteria": {
      "has_planks": "2024-08-01 05:09:00 +0000"
    },
    "done": false
  },
  "minecraft:recipes/decorations/glow_item_frame": {
    "criteria": {
      "has_glow_ink_sac": "2024-08-01 05:21:00 +0000"
    },
    "done": false
  },
  "vanillacookbook:recipes/cooking/glow_ink": {
    "criteria": {
      "has_glow_ink_sac": "2024-08-01 05:21:00 +0000"
    },
    "done": true
  },
  "twilightforest:recipes/transportation/mangrove_boat": {
    "criteria": {
      "in_water": "2024-08-01 05:25:26 +0000"
    },
    "done": false
  },
  "supplementaries:recipes/bed_from_feather_block": {
    "criteria": {
      "minecraft:planks": "2024-08-01 05:09:00 +0000"
    },
    "done": false
  },
  "biomesoplenty:recipes/transportation/fir_boat": {
    "criteria": {
      "in_water": "2024-08-01 05:25:26 +0000"
    },
    "done": false
  },
  "cfm:recipes/decorations/rock_path": {
    "criteria": {
      "has_andesite": "2024-08-01 04:56:30 +0000"
    },
    "done": false
  },
  "create:recipes/misc/crafting/schematics/empty_schematic": {
    "criteria": {
      "has_item": "2024-08-01 05:08:25 +0000"
    },
    "done": false
  },
  "refurbished_furniture:recipes/misc/constructing/light_gray_trampoline": {
    "criteria": {
      "has_slime_ball": "2024-08-01 05:08:23 +0000"
    },
    "done": false
  },
  "cfm:recipes/decorations/spruce_cabinet": {
    "criteria": {
      "has_planks": "2024-08-01 05:09:00 +0000"
    },
    "done": false
  },
  "refurbished_furniture:recipes/misc/constructing/green_trampoline": {
    "criteria": {
      "has_slime_ball": "2024-08-01 05:08:23 +0000"
    },
    "done": false
  },
  "minecraft:recipes/misc/yellow_dye_from_dandelion": {
    "criteria": {
      "has_dandelion": "2024-08-01 05:08:24 +0000"
    },
    "done": false
  },
  "supplementaries:recipes/decorations/sign_post_spruce": {
    "criteria": {
      "has_planks": "2024-08-01 05:09:00 +0000"
    },
    "done": false
  },
  "candlelight:recipes/spruce_shelf": {
    "criteria": {
      "has_spruce_planks": "2024-08-01 05:09:00 +0000"
    },
    "done": false
  },
  "minecraft:recipes/transportation/spruce_boat": {
    "criteria": {
      "in_water": "2024-08-01 05:25:26 +0000"
    },
    "done": false
  },
  "smallships:recipes/transportation/acacia_brigg": {
    "criteria": {
      "in_water": "2024-08-01 05:25:26 +0000"
    },
    "done": false
  },
  "refurbished_furniture:recipes/misc/workbench": {
    "criteria": {
      "has_planks": "2024-08-01 05:09:00 +0000"
    },
    "done": false
  },
  "cfm:recipes/decorations/spruce_crate": {
    "criteria": {
      "has_planks": "2024-08-01 05:09:00 +0000"
    },
    "done": false
  },
  "refurbished_furniture:recipes/misc/constructing/light_blue_lamp": {
    "criteria": {
      "has_planks": "2024-08-01 05:09:00 +0000"
    },
    "done": false
  },
  "refurbished_furniture:recipes/misc/constructing/blue_sofa": {
    "criteria": {
      "has_planks": "2024-08-01 05:09:00 +0000"
    },
    "done": false
  },
  "biomesoplenty:recipes/transportation/redwood_boat": {
    "criteria": {
      "in_water": "2024-08-01 05:25:26 +0000"
    },
    "done": false
  },
  "minecraft:recipes/building_blocks/andesite_slab_from_andesite_stonecutting": {
    "criteria": {
      "has_andesite": "2024-08-01 04:56:30 +0000"
    },
    "done": false
  },
  "minecraft:recipes/tools/lead": {
    "criteria": {
      "has_slime_ball": "2024-08-01 05:08:23 +0000"
    },
    "done": false
  },
  "smallships:recipes/transportation/mangrove_galley": {
    "criteria": {
      "in_water": "2024-08-01 05:25:26 +0000"
    },
    "done": false
  },
  "refurbished_furniture:recipes/misc/constructing/spruce_toilet": {
    "criteria": {
      "has_spruce_planks": "2024-08-01 05:09:00 +0000"
    },
    "done": false
  },
  "minecraft:recipes/transportation/mangrove_boat": {
    "criteria": {
      "in_water": "2024-08-01 05:25:26 +0000"
    },
    "done": false
  },
  "brewery:main/get_beer_haley": {
    "criteria": {
      "beer_haley": "2024-08-01 05:13:23 +0000"
    },
    "done": true
  },
  "create:recipes/building_blocks/cut_andesite_brick_wall_from_stone_types_andesite_stonecutting": {
    "criteria": {
      "has_stone_types_andesite": "2024-08-01 04:56:30 +0000"
    },
    "done": false
  },
  "refurbished_furniture:recipes/misc/constructing/andesite_stepping_stones": {
    "criteria": {
      "has_andesite": "2024-08-01 04:56:30 +0000"
    },
    "done": false
  },
  "vinery:main/fermentation": {
    "criteria": {
      "fermentation_barrel": "2024-08-01 05:19:49 +0000"
    },
    "done": true
  },
  "supplementaries:recipes/notice_board": {
    "criteria": {
      "minecraft:planks": "2024-08-01 05:09:00 +0000",
      "has_paper": "2024-08-01 05:08:25 +0000"
    },
    "done": false
  },
  "minecraft:recipes/food/cooked_salmon_from_smoking": {
    "criteria": {
      "has_salmon": "2024-08-01 05:06:40 +0000"
    },
    "done": false
  },
  "smallships:recipes/transportation/cherry_drakkar": {
    "criteria": {
      "in_water": "2024-08-01 05:25:26 +0000"
    },
    "done": false
  },
  "refurbished_furniture:recipes/misc/constructing/gray_lamp": {
    "criteria": {
      "has_planks": "2024-08-01 05:09:00 +0000"
    },
    "done": false
  },
  "refurbished_furniture:recipes/misc/constructing/pink_trampoline": {
    "criteria": {
      "has_slime_ball": "2024-08-01 05:08:23 +0000"
    },
    "done": false
  },
  "biomesoplenty:recipes/transportation/hellbark_boat": {
    "criteria": {
      "in_water": "2024-08-01 05:25:26 +0000"
    },
    "done": false
  },
  "smallships:recipes/transportation/dark_oak_drakkar": {
    "criteria": {
      "in_water": "2024-08-01 05:25:26 +0000"
    },
    "done": false
  },
  "mcwbridges:recipes/balustrade_stone_bricks_bridge": {
    "criteria": {
      "has_planks": "2024-08-01 05:08:59 +0000"
    },
    "done": false
  },
  "refurbished_furniture:recipes/misc/constructing/purple_sofa": {
    "criteria": {
      "has_planks": "2024-08-01 05:09:00 +0000"
    },
    "done": false
  },
  "biomesoplenty:recipes/transportation/jacaranda_boat": {
    "criteria": {
      "in_water": "2024-08-01 05:25:26 +0000"
    },
    "done": false
  },
  "twilightforest:recipes/transportation/canopy_boat": {
    "criteria": {
      "in_water": "2024-08-01 05:25:26 +0000"
    },
    "done": false
  },
  "smallships:recipes/transportation/jungle_drakkar": {
    "criteria": {
      "in_water": "2024-08-01 05:25:26 +0000"
    },
    "done": false
  },
  "minecraft:recipes/building_blocks/stone_brick_slab_from_stone_bricks_stonecutting": {
    "criteria": {
      "has_stone_bricks": "2024-08-01 05:08:59 +0000"
    },
    "done": false
  },
  "create:recipes/building_blocks/andesite_pillar_from_stone_types_andesite_stonecutting": {
    "criteria": {
      "has_stone_types_andesite": "2024-08-01 04:56:30 +0000"
    },
    "done": false
  },
  "cfm:recipes/decorations/spruce_bedside_cabinet": {
    "criteria": {
      "has_planks": "2024-08-01 05:09:00 +0000"
    },
    "done": false
  },
  "refurbished_furniture:recipes/misc/constructing/gray_cooler": {
    "criteria": {
      "has_planks": "2024-08-01 05:09:00 +0000"
    },
    "done": false
  },
  "smallships:recipes/transportation/birch_brigg": {
    "criteria": {
      "in_water": "2024-08-01 05:25:26 +0000"
    },
    "done": false
  },
  "farmersdelight:recipes/food/mixed_salad": {
    "criteria": {
      "has_bowl": "2024-08-01 05:08:25 +0000"
    },
    "done": false
  },
  "ecologics:recipes/ecologics/coconut_boat": {
    "criteria": {
      "in_water": "2024-08-01 05:25:26 +0000"
    },
    "done": false
  },
  "vanillacookbook:recipes/cooking/mushroom": {
    "criteria": {
      "has_mushroom": "2024-08-01 05:08:23 +0000"
    },
    "done": true
  },
  "biomesoplenty:recipes/transportation/palm_boat": {
    "criteria": {
      "in_water": "2024-08-01 05:25:26 +0000"
    },
    "done": false
  },
  "create:recipes/building_blocks/polished_cut_andesite_wall_from_stone_types_andesite_stonecutting": {
    "criteria": {
      "has_stone_types_andesite": "2024-08-01 04:56:30 +0000"
    },
    "done": false
  },
  "create:recipes/building_blocks/cut_andesite_brick_stairs_from_stone_types_andesite_stonecutting": {
    "criteria": {
      "has_stone_types_andesite": "2024-08-01 04:56:30 +0000"
    },
    "done": false
  },
  "refurbished_furniture:recipes/misc/constructing/black_lamp": {
    "criteria": {
      "has_planks": "2024-08-01 05:09:00 +0000"
    },
    "done": false
  },
  "minecraft:recipes/redstone/spruce_trapdoor": {
    "criteria": {
      "has_planks": "2024-08-01 05:09:00 +0000"
    },
    "done": false
  },
  "ecologics:recipes/ecologics/flowering_azalea_boat": {
    "criteria": {
      "in_water": "2024-08-01 05:25:26 +0000"
    },
    "done": false
  },
  "bakery:recipes/bread_crate": {
    "criteria": {
      "has_tray": "2024-08-01 05:12:40 +0000"
    },
    "done": false
  },
  "smallships:recipes/transportation/cherry_brigg": {
    "criteria": {
      "in_water": "2024-08-01 05:25:26 +0000"
    },
    "done": false
  },
  "smallships:recipes/transportation/spruce_brigg": {
    "criteria": {
      "in_water": "2024-08-01 05:25:26 +0000"
    },
    "done": false
  },
  "minecraft:recipes/food/cooked_cod_from_campfire_cooking": {
    "criteria": {
      "has_cod": "2024-08-01 04:52:31 +0000"
    },
    "done": false
  },
  "refurbished_furniture:recipes/misc/constructing/pink_cooler": {
    "criteria": {
      "has_planks": "2024-08-01 05:09:00 +0000"
    },
    "done": false
  },
  "minecraft:recipes/building_blocks/polished_andesite_slab_from_polished_andesite_stonecutting": {
    "criteria": {
      "has_polished_andesite": "2024-08-01 05:02:44 +0000"
    },
    "done": false
  },
  "refurbished_furniture:recipes/misc/constructing/cyan_sofa": {
    "criteria": {
      "has_planks": "2024-08-01 05:09:00 +0000"
    },
    "done": false
  },
  "cfm:recipes/decorations/spruce_kitchen_drawer": {
    "criteria": {
      "has_planks": "2024-08-01 05:09:00 +0000"
    },
    "done": false
  },
  "minecraft:recipes/food/mushroom_stew": {
    "criteria": {
      "has_brown_mushroom": "2024-08-01 05:08:25 +0000",
      "has_bowl": "2024-08-01 05:08:25 +0000",
      "has_red_mushroom": "2024-08-01 05:08:23 +0000"
    },
    "done": false
  },
  "minecraft:recipes/food/cooked_cod": {
    "criteria": {
      "has_cod": "2024-08-01 04:52:31 +0000"
    },
    "done": false
  },
  "refurbished_furniture:recipes/misc/constructing/black_stool": {
    "criteria": {
      "has_planks": "2024-08-01 05:09:00 +0000"
    },
    "done": false
  },
  "twilightforest:recipes/transportation/sorting_boat": {
    "criteria": {
      "in_water": "2024-08-01 05:25:26 +0000"
    },
    "done": false
  },
  "miners_delight:recipes/cooking/glow_ink_pasta": {
    "criteria": {
      "has_glow_ink_sac": "2024-08-01 05:21:00 +0000"
    },
    "done": false
  },
  "refurbished_furniture:recipes/misc/constructing/orange_cooler": {
    "criteria": {
      "has_planks": "2024-08-01 05:09:00 +0000"
    },
    "done": false
  },
  "minecraft:recipes/decorations/anvil": {
    "criteria": {
      "has_iron_block": "2024-08-01 05:27:19 +0000"
    },
    "done": false
  },
  "smallships:recipes/transportation/bamboo_drakkar": {
    "criteria": {
      "in_water": "2024-08-01 05:25:26 +0000"
    },
    "done": false
  },
  "smallships:recipes/transportation/mangrove_cog": {
    "criteria": {
      "in_water": "2024-08-01 05:25:26 +0000"
    },
    "done": false
  },
  "minecraft:recipes/transportation/dark_oak_boat": {
    "criteria": {
      "in_water": "2024-08-01 05:25:26 +0000"
    },
    "done": false
  },
  "refurbished_furniture:recipes/misc/constructing/pink_stool": {
    "criteria": {
      "has_planks": "2024-08-01 05:09:00 +0000"
    },
    "done": false
  },
  "refurbished_furniture:recipes/misc/constructing/purple_stool": {
    "criteria": {
      "has_planks": "2024-08-01 05:09:00 +0000"
    },
    "done": false
  },
  "refurbished_furniture:recipes/misc/constructing/spruce_lattice_fence_gate": {
    "criteria": {
      "has_spruce_planks": "2024-08-01 05:09:00 +0000"
    },
    "done": false
  },
  "vanillacookbook:recipes/mushrooms": {
    "criteria": {
      "has_mushroom": "2024-08-01 05:08:23 +0000"
    },
    "done": true
  },
  "refurbished_furniture:recipes/misc/constructing/yellow_lamp": {
    "criteria": {
      "has_planks": "2024-08-01 05:09:00 +0000"
    },
    "done": false
  },
  "farmersdelight:recipes/cooking/rabbit_stew": {
    "criteria": {
      "has_any_ingredient": "2024-08-01 05:08:23 +0000"
    },
    "done": false
  },
  "cfm:recipes/decorations/spruce_coffee_table": {
    "criteria": {
      "has_planks": "2024-08-01 05:09:00 +0000"
    },
    "done": false
  },
  "refurbished_furniture:recipes/misc/constructing/spruce_kitchen_sink": {
    "criteria": {
      "has_spruce_planks": "2024-08-01 05:09:00 +0000"
    },
    "done": false
  },
  "mcwbridges:recipes/spruce_rail_bridge": {
    "criteria": {
      "has_planks": "2024-08-01 05:09:00 +0000"
    },
    "done": false
  },
  "cfm:recipes/decorations/spruce_chair": {
    "criteria": {
      "has_planks": "2024-08-01 05:09:00 +0000"
    },
    "done": false
  },
  "minecraft:recipes/food/cooked_cod_from_smoking": {
    "criteria": {
      "has_cod": "2024-08-01 04:52:31 +0000"
    },
    "done": false
  },
  "refurbished_furniture:recipes/misc/constructing/orange_lamp": {
    "criteria": {
      "has_planks": "2024-08-01 05:09:00 +0000"
    },
    "done": false
  },
  "create:recipes/building_blocks/cut_andesite_slab_from_stone_types_andesite_stonecutting": {
    "criteria": {
      "has_stone_types_andesite": "2024-08-01 04:56:30 +0000"
    },
    "done": false
  },
  "mcwbridges:recipes/rope_spruce_bridge": {
    "criteria": {
      "has_planks": "2024-08-01 05:09:00 +0000"
    },
    "done": false
  },
  "create:recipes/building_blocks/small_andesite_brick_slab_from_stone_types_andesite_stonecutting": {
    "criteria": {
      "has_stone_types_andesite": "2024-08-01 04:56:30 +0000"
    },
    "done": false
  },
  "farmersdelight:recipes/cooking/mushroom_stew": {
    "criteria": {
      "has_any_ingredient": "2024-08-01 05:08:23 +0000"
    },
    "done": false
  },
  "minecraft:story/mine_stone": {
    "criteria": {
      "get_stone": "2024-08-01 04:56:30 +0000"
    },
    "done": true
  },
  "minecraft:recipes/decorations/furnace": {
    "criteria": {
      "has_cobblestone": "2024-08-01 04:56:30 +0000"
    },
    "done": false
  },
  "minecraft:recipes/building_blocks/andesite_stairs": {
    "criteria": {
      "has_andesite": "2024-08-01 04:56:30 +0000"
    },
    "done": false
  },
  "cfm:recipes/decorations/spruce_kitchen_sink_light": {
    "criteria": {
      "has_bottom": "2024-08-01 05:09:00 +0000"
    },
    "done": false
  },
  "refurbished_furniture:recipes/misc/constructing/orange_trampoline": {
    "criteria": {
      "has_slime_ball": "2024-08-01 05:08:23 +0000"
    },
    "done": false
  },
  "vinery:recipes/spruce_wine_rack_big": {
    "criteria": {
      "has_spruce_planks": "2024-08-01 05:09:00 +0000"
    },
    "done": false
  },
  "refurbished_furniture:recipes/misc/constructing/cyan_trampoline": {
    "criteria": {
      "has_slime_ball": "2024-08-01 05:08:23 +0000"
    },
    "done": false
  },
  "supplementaries:recipes/lock_block": {
    "criteria": {
      "minecraft:planks": "2024-08-01 05:09:00 +0000"
    },
    "done": false
  },
  "minecraft:recipes/building_blocks/stone_brick_stairs": {
    "criteria": {
      "has_stone_bricks": "2024-08-01 05:08:59 +0000"
    },
    "done": false
  },
  "vanillacookbook:recipes/slime": {
    "criteria": {
      "has_slime_ball": "2024-08-01 05:08:23 +0000"
    },
    "done": true
  },
  "vanillacookbook:recipes/glow_ink": {
    "criteria": {
      "has_glow_ink": "2024-08-01 05:21:00 +0000"
    },
    "done": true
  },
  "refurbished_furniture:recipes/misc/constructing/white_lamp": {
    "criteria": {
      "has_planks": "2024-08-01 05:09:00 +0000"
    },
    "done": false
  },
  "candlelight:recipes/stone_bricks_stove": {
    "criteria": {
      "has_stone_bricks": "2024-08-01 05:08:59 +0000"
    },
    "done": false
  },
  "bakery:main/place_bread_crate": {
    "criteria": {
      "bread_crate": "2024-08-01 05:12:27 +0000"
    },
    "done": true
  },
  "mcwbridges:recipes/balustrade_andesite_bridge": {
    "criteria": {
      "has_planks": "2024-08-01 04:56:30 +0000"
    },
    "done": false
  },
  "incubation:recipes/food/scrambled_eggs": {
    "criteria": {
      "has_bowl": "2024-08-01 05:08:25 +0000"
    },
    "done": false
  },
  "mcwroofs:recipes/andesite": {
    "criteria": {
      "has_planks": "2024-08-01 04:56:30 +0000"
    },
    "done": true
  },
  "smallships:recipes/transportation/dark_oak_brigg": {
    "criteria": {
      "in_water": "2024-08-01 05:25:26 +0000"
    },
    "done": false
  },
  "smallships:recipes/transportation/birch_galley": {
    "criteria": {
      "in_water": "2024-08-01 05:25:26 +0000"
    },
    "done": false
  },
  "refurbished_furniture:recipes/misc/constructing/spruce_kitchen_storage_cabinet": {
    "criteria": {
      "has_spruce_planks": "2024-08-01 05:09:00 +0000"
    },
    "done": false
  },
  "refurbished_furniture:recipes/misc/constructing/brown_trampoline": {
    "criteria": {
      "has_slime_ball": "2024-08-01 05:08:23 +0000"
    },
    "done": false
  },
  "refurbished_furniture:recipes/misc/constructing/spruce_bath": {
    "criteria": {
      "has_spruce_planks": "2024-08-01 05:09:00 +0000"
    },
    "done": false
  },
  "biomesoplenty:recipes/transportation/umbran_boat": {
    "criteria": {
      "in_water": "2024-08-01 05:25:26 +0000"
    },
    "done": false
  },
  "bakery:main/get_everything": {
    "criteria": {
      "bakery:vegetable_sandwich": "2024-08-01 05:12:22 +0000"
    },
    "done": false
  },
  "vinery:recipes/spruce_wine_rack_small": {
    "criteria": {
      "has_spruce_planks": "2024-08-01 05:09:00 +0000"
    },
    "done": false
  },
  "herbalbrews:main/craft_everything": {
    "criteria": {
      "herbalbrews:hibiscus_tea": "2024-08-01 05:16:54 +0000",
      "herbalbrews:coffee": "2024-08-01 05:16:57 +0000"
    },
    "done": false
  },
  "minecraft:recipes/transportation/bamboo_raft": {
    "criteria": {
      "in_water": "2024-08-01 05:25:26 +0000"
    },
    "done": false
  },
  "refurbished_furniture:recipes/misc/constructing/light_blue_trampoline": {
    "criteria": {
      "has_slime_ball": "2024-08-01 05:08:23 +0000"
    },
    "done": false
  },
  "refurbished_furniture:recipes/misc/constructing/spruce_storage_jar": {
    "criteria": {
      "has_spruce_planks": "2024-08-01 05:09:00 +0000"
    },
    "done": false
  },
  "smallships:recipes/transportation/mangrove_brigg": {
    "criteria": {
      "in_water": "2024-08-01 05:25:26 +0000"
    },
    "done": false
  },
  "vinery:recipes/grapevine_pot": {
    "criteria": {
      "has_spruce_planks": "2024-08-01 05:09:00 +0000"
    },
    "done": false
  },
  "minecraft:recipes/decorations/spruce_fence": {
    "criteria": {
      "has_planks": "2024-08-01 05:09:00 +0000"
    },
    "done": false
  },
  "minecraft:recipes/misc/conduit": {
    "criteria": {
      "has_nautilus_shell": "2024-08-01 05:08:45 +0000"
    },
    "done": false
  },
  "create:recipes/building_blocks/spruce_window": {
    "criteria": {
      "has_ingredient": "2024-08-01 05:09:00 +0000"
    },
    "done": false
  },
  "refurbished_furniture:recipes/misc/constructing/purple_cooler": {
    "criteria": {
      "has_planks": "2024-08-01 05:09:00 +0000"
    },
    "done": false
  },
  "refurbished_furniture:recipes/misc/constructing/red_trampoline": {
    "criteria": {
      "has_slime_ball": "2024-08-01 05:08:23 +0000"
    },
    "done": false
  },
  "refurbished_furniture:recipes/misc/constructing/light_gray_cooler": {
    "criteria": {
      "has_planks": "2024-08-01 05:09:00 +0000"
    },
    "done": false
  },
  "refurbished_furniture:recipes/misc/constructing/red_sofa": {
    "criteria": {
      "has_planks": "2024-08-01 05:09:00 +0000"
    },
    "done": false
  },
  "vinery:recipes/dark_cherry_shelf": {
    "criteria": {
      "has_spruce_planks": "2024-08-01 05:09:00 +0000"
    },
    "done": false
  },
  "refurbished_furniture:recipes/misc/constructing/blue_trampoline": {
    "criteria": {
      "has_slime_ball": "2024-08-01 05:08:23 +0000"
    },
    "done": false
  },
  "ecologics:recipes/ecologics/walnut_boat": {
    "criteria": {
      "in_water": "2024-08-01 05:25:26 +0000"
    },
    "done": false
  },
  "minecraft:recipes/food/dried_kelp_from_smoking": {
    "criteria": {
      "has_kelp": "2024-08-01 05:08:23 +0000"
    },
    "done": false
  },
  "refurbished_furniture:recipes/misc/constructing/spruce_mail_box": {
    "criteria": {
      "has_spruce_planks": "2024-08-01 05:09:00 +0000"
    },
    "done": false
  },
  "supplementaries:recipes/pedestal": {
    "criteria": {
      "has_stone_bricks": "2024-08-01 05:08:59 +0000"
    },
    "done": false
  },
  "create:recipes/building_blocks/cut_andesite_bricks_from_stone_types_andesite_stonecutting": {
    "criteria": {
      "has_stone_types_andesite": "2024-08-01 04:56:30 +0000"
    },
    "done": false
  },
  "refurbished_furniture:recipes/misc/constructing/magenta_lamp": {
    "criteria": {
      "has_planks": "2024-08-01 05:09:00 +0000"
    },
    "done": false
  },
  "smallships:recipes/transportation/mangrove_drakkar": {
    "criteria": {
      "in_water": "2024-08-01 05:25:26 +0000"
    },
    "done": false
  },
  "create:recipes/building_blocks/small_andesite_bricks_from_stone_types_andesite_stonecutting": {
    "criteria": {
      "has_stone_types_andesite": "2024-08-01 04:56:30 +0000"
    },
    "done": false
  },
  "candlelight:recipes/napkin": {
    "criteria": {
      "has_paper": "2024-08-01 05:08:25 +0000"
    },
    "done": false
  },
  "betterend:recipes/misc/copy_tool_assembly": {
    "criteria": {
      "has_iron_block": "2024-08-01 05:27:19 +0000"
    },
    "done": false
  },
  "minecraft:recipes/redstone/spruce_pressure_plate": {
    "criteria": {
      "has_planks": "2024-08-01 05:09:00 +0000"
    },
    "done": false
  },
  "minecraft:recipes/tools/stone_pickaxe": {
    "criteria": {
      "has_cobblestone": "2024-08-01 04:56:30 +0000"
    },
    "done": false
  },
  "cfm:recipes/decorations/spruce_kitchen_sink_dark": {
    "criteria": {
      "has_bottom": "2024-08-01 05:09:00 +0000"
    },
    "done": false
  },
  "smallships:recipes/misc/sail": {
    "criteria": {
      "in_water": "2024-08-01 05:25:26 +0000"
    },
    "done": false
  },
  "refurbished_furniture:recipes/misc/constructing/spruce_crate": {
    "criteria": {
      "has_spruce_planks": "2024-08-01 05:09:00 +0000"
    },
    "done": false
  },
  "minecraft:recipes/building_blocks/stone_brick_slab": {
    "criteria": {
      "has_stone_bricks": "2024-08-01 05:08:59 +0000"
    },
    "done": false
  },
  "minecraft:recipes/building_blocks/polished_andesite_from_andesite_stonecutting": {
    "criteria": {
      "has_andesite": "2024-08-01 04:56:30 +0000"
    },
    "done": false
  },
  "vinery:main/get_wine": {
    "criteria": {
      "have_any_wine": "2024-08-01 05:16:32 +0000"
    },
    "done": true
  },
  "refurbished_furniture:recipes/misc/constructing/white_trampoline": {
    "criteria": {
      "has_slime_ball": "2024-08-01 05:08:23 +0000"
    },
    "done": false
  },
  "supplementaries:recipes/slingshot": {
    "criteria": {
      "has_slime_ball": "2024-08-01 05:08:23 +0000"
    },
    "done": false
  },
  "supplementaries:recipes/candy": {
    "criteria": {
      "has_paper": "2024-08-01 05:08:25 +0000"
    },
    "done": false
  },
  "smallships:recipes/transportation/acacia_galley": {
    "criteria": {
      "in_water": "2024-08-01 05:25:26 +0000"
    },
    "done": false
  },
  "refurbished_furniture:recipes/misc/constructing/post_box": {
    "criteria": {
      "has_planks": "2024-08-01 05:09:00 +0000"
    },
    "done": false
  },
  "candlelight:recipes/spruce_chair": {
    "criteria": {
      "has_spruce_planks": "2024-08-01 05:09:00 +0000"
    },
    "done": false
  },
  "cfm:recipes/decorations/spruce_park_bench": {
    "criteria": {
      "has_planks": "2024-08-01 05:09:00 +0000"
    },
    "done": false
  },
  "create:recipes/building_blocks/cut_andesite_wall_from_stone_types_andesite_stonecutting": {
    "criteria": {
      "has_stone_types_andesite": "2024-08-01 04:56:30 +0000"
    },
    "done": false
  },
  "supplementaries:recipes/clock_block": {
    "criteria": {
      "minecraft:planks": "2024-08-01 05:09:00 +0000"
    },
    "done": false
  },
  "create:recipes/building_blocks/small_andesite_brick_wall_from_stone_types_andesite_stonecutting": {
    "criteria": {
      "has_stone_types_andesite": "2024-08-01 04:56:30 +0000"
    },
    "done": false
  },
  "supplementaries:recipes/present": {
    "criteria": {
      "has_paper": "2024-08-01 05:08:25 +0000"
    },
    "done": false
  },
  "minecraft:recipes/decorations/barrel": {
    "criteria": {
      "has_planks": "2024-08-01 05:09:00 +0000"
    },
    "done": false
  },
  "create:recipes/building_blocks/cut_andesite_brick_slab_from_stone_types_andesite_stonecutting": {
    "criteria": {
      "has_stone_types_andesite": "2024-08-01 04:56:30 +0000"
    },
    "done": false
  },
  "supplementaries:recipes/stone_tile": {
    "criteria": {
      "has_stone_bricks": "2024-08-01 05:08:59 +0000"
    },
    "done": false
  },
  "smallships:recipes/transportation/jungle_galley": {
    "criteria": {
      "in_water": "2024-08-01 05:25:26 +0000"
    },
    "done": false
  },
  "smallships:recipes/transportation/dark_oak_galley": {
    "criteria": {
      "in_water": "2024-08-01 05:25:26 +0000"
    },
    "done": false
  },
  "refurbished_furniture:recipes/misc/constructing/green_sofa": {
    "criteria": {
      "has_planks": "2024-08-01 05:09:00 +0000"
    },
    "done": false
  },
  "candlelight:recipes/stone_bricks_counter": {
    "criteria": {
      "has_stone_bricks": "2024-08-01 05:08:59 +0000"
    },
    "done": false
  },
  "refurbished_furniture:recipes/misc/constructing/yellow_trampoline": {
    "criteria": {
      "has_slime_ball": "2024-08-01 05:08:23 +0000"
    },
    "done": false
  },
  "betterend:recipes/misc/andesite_pedestal": {
    "criteria": {
      "has_polished_andesite": "2024-08-01 05:02:44 +0000"
    },
    "done": false
  },
  "smallships:recipes/transportation/spruce_drakkar": {
    "criteria": {
      "in_water": "2024-08-01 05:25:26 +0000"
    },
    "done": false
  },
  "bclib:recipes/redstone/tag_piston": {
    "criteria": {
      "has_tag_minecraft_planks": "2024-08-01 05:09:00 +0000"
    },
    "done": false
  },
  "minecraft:recipes/tools/stone_shovel": {
    "criteria": {
      "has_cobblestone": "2024-08-01 04:56:30 +0000"
    },
    "done": false
  },
  "refurbished_furniture:recipes/misc/constructing/light_gray_lamp": {
    "criteria": {
      "has_planks": "2024-08-01 05:09:00 +0000"
    },
    "done": false
  },
  "twilightforest:recipes/transportation/twilight_oak_boat": {
    "criteria": {
      "in_water": "2024-08-01 05:25:26 +0000"
    },
    "done": false
  },
  "farmersdelight:recipes/food/nether_salad": {
    "criteria": {
      "has_bowl": "2024-08-01 05:08:25 +0000"
    },
    "done": false
  },
  "twilightforest:recipes/transportation/time_boat": {
    "criteria": {
      "in_water": "2024-08-01 05:25:26 +0000"
    },
    "done": false
  },
  "refurbished_furniture:recipes/misc/constructing/blue_stool": {
    "criteria": {
      "has_planks": "2024-08-01 05:09:00 +0000"
    },
    "done": false
  },
  "smallships:recipes/transportation/oak_brigg": {
    "criteria": {
      "in_water": "2024-08-01 05:25:26 +0000"
    },
    "done": false
  },
  "refurbished_furniture:recipes/misc/constructing/gray_trampoline": {
    "criteria": {
      "has_slime_ball": "2024-08-01 05:08:23 +0000"
    },
    "done": false
  },
  "farmersdelight:recipes/cooking/fish_stew": {
    "criteria": {
      "has_any_ingredient": "2024-08-01 04:52:31 +0000"
    },
    "done": false
  },
  "minecraft:recipes/decorations/stone_brick_wall": {
    "criteria": {
      "has_stone_bricks": "2024-08-01 05:08:59 +0000"
    },
    "done": false
  },
  "refurbished_furniture:recipes/misc/constructing/orange_stool": {
    "criteria": {
      "has_planks": "2024-08-01 05:09:00 +0000"
    },
    "done": false
  },
  "vanillacookbook:recipes/cooking/raw_fish": {
    "criteria": {
      "has_raw_fish": "2024-08-01 04:52:31 +0000"
    },
    "done": true
  },
  "sophisticatedstorage:recipes/misc/packing_tape": {
    "criteria": {
      "has_slime": "2024-08-01 05:08:23 +0000"
    },
    "done": false
  },
  "refurbished_furniture:recipes/misc/constructing/black_cooler": {
    "criteria": {
      "has_planks": "2024-08-01 05:09:00 +0000"
    },
    "done": false
  },
  "minecraft:recipes/misc/book": {
    "criteria": {
      "has_paper": "2024-08-01 05:08:25 +0000"
    },
    "done": false
  },
  "minecraft:recipes/building_blocks/cracked_stone_bricks": {
    "criteria": {
      "has_stone_bricks": "2024-08-01 05:08:59 +0000"
    },
    "done": false
  },
  "minecraft:recipes/building_blocks/stone_brick_stairs_from_stone_bricks_stonecutting": {
    "criteria": {
      "has_stone_bricks": "2024-08-01 05:08:59 +0000"
    },
    "done": false
  },
  "minecraft:recipes/misc/bowl": {
    "criteria": {
      "has_brown_mushroom": "2024-08-01 05:08:25 +0000",
      "has_red_mushroom": "2024-08-01 05:08:23 +0000"
    },
    "done": false
  },
  "refurbished_furniture:recipes/misc/constructing/magenta_cooler": {
    "criteria": {
      "has_planks": "2024-08-01 05:09:00 +0000"
    },
    "done": false
  },
  "securitycraft:recipes/redstone/laser_block": {
    "criteria": {
      "has_stone": "2024-08-01 04:56:30 +0000"
    },
    "done": false
  },
  "mcwtrpdoors:recipes/spruce/spruce_blossom_trapdoor": {
    "criteria": {
      "has_plankss": "2024-08-01 05:09:00 +0000"
    },
    "done": false
  },
  "bclib:recipes/decorations/tag_smith_table": {
    "criteria": {
      "has_tag_minecraft_planks": "2024-08-01 05:09:00 +0000"
    },
    "done": false
  },
  "minecraft:recipes/food/cooked_salmon": {
    "criteria": {
      "has_salmon": "2024-08-01 05:06:40 +0000"
    },
    "done": false
  },
  "candlelight:recipes/love_letter_open": {
    "criteria": {
      "has_paper": "2024-08-01 05:08:25 +0000"
    },
    "done": false
  },
  "mcwroofs:recipes/spruce_planks": {
    "criteria": {
      "has_planks": "2024-08-01 05:09:00 +0000"
    },
    "done": true
  },
  "minecraft:recipes/decorations/andesite_wall_from_andesite_stonecutting": {
    "criteria": {
      "has_andesite": "2024-08-01 04:56:30 +0000"
    },
    "done": false
  },
  "farmersdelight:recipes/cooking/vegetable_noodles": {
    "criteria": {
      "has_any_ingredient": "2024-08-01 05:08:25 +0000"
    },
    "done": false
  },
  "minecraft:recipes/building_blocks/chiseled_stone_bricks": {
    "criteria": {
      "has_tag": "2024-08-01 05:08:59 +0000"
    },
    "done": false
  },
  "refurbished_furniture:recipes/misc/constructing/lime_sofa": {
    "criteria": {
      "has_planks": "2024-08-01 05:09:00 +0000"
    },
    "done": false
  },
  "create:recipes/building_blocks/andesite_from_stone_types_andesite_stonecutting": {
    "criteria": {
      "has_stone_types_andesite": "2024-08-01 04:56:30 +0000"
    },
    "done": false
  },
  "create:recipes/misc/crafting/schematics/schematic_and_quill": {
    "criteria": {
      "has_item": "2024-08-01 05:08:25 +0000"
    },
    "done": false
  },
  "create:recipes/building_blocks/cut_andesite_from_stone_types_andesite_stonecutting": {
    "criteria": {
      "has_stone_types_andesite": "2024-08-01 04:56:30 +0000"
    },
    "done": false
  },
  "twilightforest:recipes/transportation/transformation_boat": {
    "criteria": {
      "in_water": "2024-08-01 05:25:26 +0000"
    },
    "done": false
  },
  "minecraft:recipes/building_blocks/polished_andesite_slab_from_andesite_stonecutting": {
    "criteria": {
      "has_andesite": "2024-08-01 04:56:30 +0000"
    },
    "done": false
  },
  "refurbished_furniture:recipes/misc/constructing/red_cooler": {
    "criteria": {
      "has_planks": "2024-08-01 05:09:00 +0000"
    },
    "done": false
  },
  "refurbished_furniture:recipes/misc/constructing/lime_trampoline": {
    "criteria": {
      "has_slime_ball": "2024-08-01 05:08:23 +0000"
    },
    "done": false
  },
  "smallships:recipes/transportation/oak_cog": {
    "criteria": {
      "in_water": "2024-08-01 05:25:26 +0000"
    },
    "done": false
  },
  "smallships:recipes/transportation/oak_galley": {
    "criteria": {
      "in_water": "2024-08-01 05:25:26 +0000"
    },
    "done": false
  },
  "supplementaries:recipes/speaker_block": {
    "criteria": {
      "minecraft:planks": "2024-08-01 05:09:00 +0000"
    },
    "done": false
  },
  "refurbished_furniture:recipes/misc/constructing/black_trampoline": {
    "criteria": {
      "has_slime_ball": "2024-08-01 05:08:23 +0000"
    },
    "done": false
  },
  "refurbished_furniture:recipes/misc/constructing/green_cooler": {
    "criteria": {
      "has_planks": "2024-08-01 05:09:00 +0000"
    },
    "done": false
  },
  "bclib:recipes/combat/tag_shield": {
    "criteria": {
      "has_tag_minecraft_planks": "2024-08-01 05:09:00 +0000"
    },
    "done": false
  },
  "refurbished_furniture:recipes/misc/constructing/brown_sofa": {
    "criteria": {
      "has_planks": "2024-08-01 05:09:00 +0000"
    },
    "done": false
  },
  "minecraft:husbandry/root": {
    "criteria": {
      "consumed_item": "2024-08-01 05:18:29 +0000"
    },
    "done": true
  },
  "minecraft:recipes/transportation/birch_boat": {
    "criteria": {
      "in_water": "2024-08-01 05:25:26 +0000"
    },
    "done": false
  },
  "minecraft:recipes/building_blocks/jack_o_lantern": {
    "criteria": {
      "has_carved_pumpkin": "2024-08-01 05:27:23 +0000"
    },
    "done": false
  },
  "minecraft:recipes/transportation/oak_boat": {
    "criteria": {
      "in_water": "2024-08-01 05:25:26 +0000"
    },
    "done": false
  },
  "minecraft:recipes/decorations/stone_brick_wall_from_stone_bricks_stonecutting": {
    "criteria": {
      "has_stone_bricks": "2024-08-01 05:08:59 +0000"
    },
    "done": false
  },
  "refurbished_furniture:recipes/misc/constructing/light_blue_stool": {
    "criteria": {
      "has_planks": "2024-08-01 05:09:00 +0000"
    },
    "done": false
  },
  "minecraft:recipes/building_blocks/spruce_slab": {
    "criteria": {
      "has_planks": "2024-08-01 05:09:00 +0000"
    },
    "done": false
  },
  "create:recipes/misc/crafting/materials/sand_paper": {
    "criteria": {
      "has_item": "2024-08-01 05:08:25 +0000"
    },
    "done": false
  },
  "refurbished_furniture:recipes/misc/constructing/white_cooler": {
    "criteria": {
      "has_planks": "2024-08-01 05:09:00 +0000"
    },
    "done": false
  },
  "refurbished_furniture:recipes/misc/constructing/spruce_cutting_board": {
    "criteria": {
      "has_spruce_planks": "2024-08-01 05:09:00 +0000"
    },
    "done": false
  },
  "smallships:recipes/transportation/dark_oak_cog": {
    "criteria": {
      "in_water": "2024-08-01 05:25:26 +0000"
    },
    "done": false
  },
  "smallships:recipes/transportation/birch_drakkar": {
    "criteria": {
      "in_water": "2024-08-01 05:25:26 +0000"
    },
    "done": false
  },
  "refurbished_furniture:recipes/misc/constructing/blue_lamp": {
    "criteria": {
      "has_planks": "2024-08-01 05:09:00 +0000"
    },
    "done": false
  },
  "refurbished_furniture:recipes/misc/constructing/red_stool": {
    "criteria": {
      "has_planks": "2024-08-01 05:09:00 +0000"
    },
    "done": false
  },
  "create:recipes/building_blocks/polished_cut_andesite_slab_from_stone_types_andesite_stonecutting": {
    "criteria": {
      "has_stone_types_andesite": "2024-08-01 04:56:30 +0000"
    },
    "done": false
  },
  "create:recipes/misc/crafting/materials/red_sand_paper": {
    "criteria": {
      "has_item": "2024-08-01 05:08:25 +0000"
    },
    "done": false
  },
  "torches_in_water:recipes/decorations/shaped_crafting/glow_ink_torch": {
    "criteria": {
      "SBMJ": "2024-08-01 05:21:00 +0000"
    },
    "done": false
  },
  "minecraft:recipes/building_blocks/andesite_stairs_from_andesite_stonecutting": {
    "criteria": {
      "has_andesite": "2024-08-01 04:56:30 +0000"
    },
    "done": false
  },
  "mcwwindows:recipes/andesite": {
    "criteria": {
      "has_wood": "2024-08-01 04:56:30 +0000"
    },
    "done": false
  },
  "refurbished_furniture:recipes/misc/constructing/spruce_basin": {
    "criteria": {
      "has_spruce_planks": "2024-08-01 05:09:00 +0000"
    },
    "done": false
  },
  "ecologics:recipes/food/mushroom_stew_from_coconut_husk": {
    "criteria": {
      "has_brown_mushroom": "2024-08-01 05:08:25 +0000",
      "has_red_mushroom": "2024-08-01 05:08:23 +0000"
    },
    "done": false
  },
  "refurbished_furniture:recipes/misc/constructing/light_blue_sofa": {
    "criteria": {
      "has_planks": "2024-08-01 05:09:00 +0000"
    },
    "done": false
  },
  "minecraft:recipes/redstone/sticky_piston": {
    "criteria": {
      "has_slime_ball": "2024-08-01 05:08:23 +0000"
    },
    "done": false
  },
  "refurbished_furniture:recipes/misc/constructing/black_sofa": {
    "criteria": {
      "has_planks": "2024-08-01 05:09:00 +0000"
    },
    "done": false
  },
  "mcwbridges:recipes/spruce_log_bridge_middle": {
    "criteria": {
      "has_planks": "2024-08-01 05:09:00 +0000"
    },
    "done": false
  },
  "refurbished_furniture:recipes/freezing/blue_ice": {
    "criteria": {
      "has_result": "2024-08-01 05:08:23 +0000"
    },
    "done": false
  },
  "minecraft:recipes/building_blocks/polished_andesite_stairs": {
    "criteria": {
      "has_polished_andesite": "2024-08-01 05:02:44 +0000"
    },
    "done": false
  },
  "biomesoplenty:recipes/transportation/mahogany_boat": {
    "criteria": {
      "in_water": "2024-08-01 05:25:26 +0000"
    },
    "done": false
  },
  "twilightforest:recipes/transportation/dark_boat": {
    "criteria": {
      "in_water": "2024-08-01 05:25:26 +0000"
    },
    "done": false
  },
  "create:recipes/building_blocks/cut_andesite_stairs_from_stone_types_andesite_stonecutting": {
    "criteria": {
      "has_stone_types_andesite": "2024-08-01 04:56:30 +0000"
    },
    "done": false
  },
  "smallships:recipes/transportation/acacia_drakkar": {
    "criteria": {
      "in_water": "2024-08-01 05:25:26 +0000"
    },
    "done": false
  },
  "refurbished_furniture:recipes/misc/constructing/light_gray_stool": {
    "criteria": {
      "has_planks": "2024-08-01 05:09:00 +0000"
    },
    "done": false
  },
  "refurbished_furniture:recipes/misc/constructing/white_stool": {
    "criteria": {
      "has_planks": "2024-08-01 05:09:00 +0000"
    },
    "done": false
  },
  "cfm:recipes/decorations/spruce_desk_cabinet": {
    "criteria": {
      "has_planks": "2024-08-01 05:09:00 +0000"
    },
    "done": false
  },
  "minecraft:recipes/building_blocks/polished_andesite": {
    "criteria": {
      "has_andesite": "2024-08-01 04:56:30 +0000"
    },
    "done": false
  },
  "smallships:recipes/transportation/cherry_galley": {
    "criteria": {
      "in_water": "2024-08-01 05:25:26 +0000"
    },
    "done": false
  },
  "refurbished_furniture:recipes/misc/constructing/yellow_stool": {
    "criteria": {
      "has_planks": "2024-08-01 05:09:00 +0000"
    },
    "done": false
  },
  "minecraft:recipes/redstone/spruce_door": {
    "criteria": {
      "has_planks": "2024-08-01 05:09:00 +0000"
    },
    "done": false
  },
  "minecraft:recipes/redstone/spruce_fence_gate": {
    "criteria": {
      "has_planks": "2024-08-01 05:09:00 +0000"
    },
    "done": false
  },
  "cfm:recipes/decorations/spruce_kitchen_counter": {
    "criteria": {
      "has_planks": "2024-08-01 05:09:00 +0000"
    },
    "done": false
  },
  "refurbished_furniture:recipes/misc/constructing/pink_lamp": {
    "criteria": {
      "has_planks": "2024-08-01 05:09:00 +0000"
    },
    "done": false
  },
  "refurbished_furniture:recipes/misc/constructing/spruce_desk": {
    "criteria": {
      "has_spruce_planks": "2024-08-01 05:09:00 +0000"
    },
    "done": false
  },
  "refurbished_furniture:recipes/misc/constructing/lime_cooler": {
    "criteria": {
      "has_planks": "2024-08-01 05:09:00 +0000"
    },
    "done": false
  },
  "refurbished_furniture:recipes/misc/constructing/spruce_storage_cabinet": {
    "criteria": {
      "has_spruce_planks": "2024-08-01 05:09:00 +0000"
    },
    "done": false
  },
  "refurbished_furniture:recipes/misc/constructing/gray_stool": {
    "criteria": {
      "has_planks": "2024-08-01 05:09:00 +0000"
    },
    "done": false
  },
  "refurbished_furniture:recipes/misc/constructing/spruce_chair": {
    "criteria": {
      "has_spruce_planks": "2024-08-01 05:09:00 +0000"
    },
    "done": false
  },
  "minecraft:recipes/decorations/cartography_table": {
    "criteria": {
      "has_paper": "2024-08-01 05:08:25 +0000"
    },
    "done": false
  },
  "refurbished_furniture:recipes/misc/constructing/white_sofa": {
    "criteria": {
      "has_planks": "2024-08-01 05:09:00 +0000"
    },
    "done": false
  },
  "minecraft:adventure/adventuring_time": {
    "criteria": {
      "minecraft:river": "2024-08-01 05:24:11 +0000"
    },
    "done": false
  },
  "supplementaries:recipes/pulley": {
    "criteria": {
      "minecraft:planks": "2024-08-01 05:09:00 +0000"
    },
    "done": false
  },
  "minecraft:recipes/decorations/andesite_wall": {
    "criteria": {
      "has_andesite": "2024-08-01 04:56:30 +0000"
    },
    "done": false
  },
  "minecraft:recipes/building_blocks/andesite_slab": {
    "criteria": {
      "has_andesite": "2024-08-01 04:56:30 +0000"
    },
    "done": false
  },
  "mcwbridges:recipes/stone_bridge_pier": {
    "criteria": {
      "has_planks": "2024-08-01 05:08:59 +0000"
    },
    "done": false
  },
  "refurbished_furniture:recipes/misc/constructing/yellow_cooler": {
    "criteria": {
      "has_planks": "2024-08-01 05:09:00 +0000"
    },
    "done": false
  },
  "supplementaries:recipes/stonecutting/stone_tile": {
    "criteria": {
      "has_stone_bricks": "2024-08-01 05:08:59 +0000"
    },
    "done": false
  },
  "sophisticatedstorage:recipes/misc/spruce_barrel": {
    "criteria": {
      "has_spruce_plank": "2024-08-01 05:09:00 +0000"
    },
    "done": false
  },
  "candlelight:recipes/spruce_drawer": {
    "criteria": {
      "has_spruce_planks": "2024-08-01 05:09:00 +0000"
    },
    "done": false
  },
  "refurbished_furniture:recipes/misc/constructing/blue_cooler": {
    "criteria": {
      "has_planks": "2024-08-01 05:09:00 +0000"
    },
    "done": false
  },
  "minecraft:recipes/tools/stone_hoe": {
    "criteria": {
      "has_cobblestone": "2024-08-01 04:56:30 +0000"
    },
    "done": false
  },
  "candlelight:recipes/table_sign": {
    "criteria": {
      "has_paper": "2024-08-01 05:08:25 +0000"
    },
    "done": false
  },
  "minecraft:recipes/building_blocks/spruce_stairs": {
    "criteria": {
      "has_planks": "2024-08-01 05:09:00 +0000"
    },
    "done": false
  },
  "refurbished_furniture:recipes/misc/constructing/spruce_drawer": {
    "criteria": {
      "has_spruce_planks": "2024-08-01 05:09:00 +0000"
    },
    "done": false
  },
  "refurbished_furniture:recipes/misc/constructing/purple_trampoline": {
    "criteria": {
      "has_slime_ball": "2024-08-01 05:08:23 +0000"
    },
    "done": false
  },
  "bakery:recipes/bread_basket": {
    "criteria": {
      "has_tray": "2024-08-01 05:12:40 +0000"
    },
    "done": false
  },
  "refurbished_furniture:recipes/misc/constructing/cyan_lamp": {
    "criteria": {
      "has_planks": "2024-08-01 05:09:00 +0000"
    },
    "done": false
  },
  "refurbished_furniture:recipes/misc/constructing/gray_sofa": {
    "criteria": {
      "has_planks": "2024-08-01 05:09:00 +0000"
    },
    "done": false
  },
  "refurbished_furniture:recipes/misc/constructing/purple_lamp": {
    "criteria": {
      "has_planks": "2024-08-01 05:09:00 +0000"
    },
    "done": false
  },
  "mcwbridges:recipes/andesite_bridge_pier": {
    "criteria": {
      "has_planks": "2024-08-01 04:56:30 +0000"
    },
    "done": false
  },
  "smallships:recipes/transportation/cherry_cog": {
    "criteria": {
      "in_water": "2024-08-01 05:25:26 +0000"
    },
    "done": false
  },
  "mcwbridges:recipes/stone_brick_bridge": {
    "criteria": {
      "has_planks": "2024-08-01 05:08:59 +0000"
    },
    "done": false
  },
  "cfm:recipes/decorations/spruce_table": {
    "criteria": {
      "has_planks": "2024-08-01 05:09:00 +0000"
    },
    "done": false
  },
  "DataVersion": 3465
}