{
  "takesapillage:root": {
    "criteria": {
      "always": "2024-08-01 04:43:54 +0000"
    },
    "done": true
  },
  "aquaculture:recipes/aquaculture/heavy_hook": {
    "criteria": {
      "has_items": "2024-08-01 04:43:54 +0000"
    },
    "done": false
  },
  "mcwfences:recipes/dark_oak": {
    "criteria": {
      "has_dark_oak": "2024-08-01 04:43:54 +0000"
    },
    "done": true
  },
  "aquaculture:recipes/misc/neptunium_ingot_from_neptunium_block": {
    "criteria": {
      "has_items": "2024-08-01 04:43:54 +0000"
    },
    "done": false
  },
  "mcwfences:recipes/crimson": {
    "criteria": {
      "has_crimson": "2024-08-01 04:43:54 +0000"
    },
    "done": true
  },
  "create:root": {
    "criteria": {
      "0": "2024-08-01 04:43:54 +0000"
    },
    "done": true
  },
  "minecraft:recipes/decorations/crafting_table": {
    "criteria": {
      "unlock_right_away": "2024-08-01 04:43:54 +0000"
    },
    "done": false
  },
  "mcwfences:recipes/jungle": {
    "criteria": {
      "has_jungle": "2024-08-01 04:43:54 +0000"
    },
    "done": true
  },
  "naturalist:recipes/food/cooked_egg": {
    "criteria": {
      "has_eggs": "2024-08-01 04:43:54 +0000"
    },
    "done": false
  },
  "mcwfences:recipes/warped": {
    "criteria": {
      "has_warped": "2024-08-01 04:43:54 +0000"
    },
    "done": true
  },
  "aquaculture:recipes/decorations/acacia_fish_mount": {
    "criteria": {
      "has_items": "2024-08-01 04:43:54 +0000"
    },
    "done": false
  },
  "betterdungeons:root": {
    "criteria": {
      "always": "2024-08-01 04:43:54 +0000"
    },
    "done": true
  },
  "aquaculture:recipes/aquaculture/light_hook": {
    "criteria": {
      "has_items": "2024-08-01 04:43:54 +0000"
    },
    "done": false
  },
  "born_in_chaos_v1:bornin_chaos": {
    "criteria": {
      "bornin_chaos_0": "2024-08-01 04:43:54 +0000"
    },
    "done": true
  },
  "mcwfences:recipes/birch": {
    "criteria": {
      "has_birch": "2024-08-01 04:43:54 +0000"
    },
    "done": true
  },
  "mcwfences:recipes/stone": {
    "criteria": {
      "has_stone": "2024-08-01 04:43:54 +0000"
    },
    "done": true
  },
  "aquaculture:recipes/tools/iron_fishing_rod": {
    "criteria": {
      "has_vanilla_rod": "2024-08-01 04:43:54 +0000"
    },
    "done": false
  },
  "mcwfences:recipes/sandstone": {
    "criteria": {
      "has_sand": "2024-08-01 04:43:54 +0000"
    },
    "done": true
  },
  "aquaculture:recipes/decorations/oak_fish_mount": {
    "criteria": {
      "has_items": "2024-08-01 04:43:54 +0000"
    },
    "done": false
  },
  "mcwfences:recipes/acacia": {
    "criteria": {
      "has_acacia": "2024-08-01 04:43:54 +0000"
    },
    "done": true
  },
  "mcwfences:recipes/oak": {
    "criteria": {
      "has_oak": "2024-08-01 04:43:54 +0000"
    },
    "done": true
  },
  "aquaculture:recipes/aquaculture/double_hook": {
    "criteria": {
      "has_items": "2024-08-01 04:43:54 +0000"
    },
    "done": false
  },
  "mcwfences:recipes/hedge": {
    "criteria": {
      "has_birch": "2024-08-01 04:43:54 +0000"
    },
    "done": true
  },
  "herbalbrews:main/root": {
    "criteria": {
      "seeds": "2024-08-01 04:43:54 +0000"
    },
    "done": true
  },
  "betterdeserttemples:root": {
    "criteria": {
      "always": "2024-08-01 04:43:54 +0000"
    },
    "done": true
  },
  "aquaculture:recipes/aquaculture/fishing_line": {
    "criteria": {
      "has_items": "2024-08-01 04:43:54 +0000"
    },
    "done": false
  },
  "aquaculture:recipes/aquaculture/iron_hook": {
    "criteria": {
      "has_items": "2024-08-01 04:43:54 +0000"
    },
    "done": false
  },
  "vinery:main/root": {
    "criteria": {
      "seeds": "2024-08-01 04:43:54 +0000"
    },
    "done": true
  },
  "aquaculture:recipes/misc/jellyfish_to_slimeball": {
    "criteria": {
      "has_items": "2024-08-01 04:43:54 +0000"
    },
    "done": false
  },
  "aquaculture:recipes/tools/diamond_fishing_rod": {
    "criteria": {
      "has_vanilla_rod": "2024-08-01 04:43:54 +0000"
    },
    "done": false
  },
  "aquaculture:recipes/misc/tin_can_to_iron_nugget": {
    "criteria": {
      "has_items": "2024-08-01 04:43:54 +0000"
    },
    "done": false
  },
  "aquaculture:recipes/decorations/birch_fish_mount": {
    "criteria": {
      "has_items": "2024-08-01 04:43:54 +0000"
    },
    "done": false
  },
  "mcwfences:recipes/prismarine": {
    "criteria": {
      "has_qq": "2024-08-01 04:43:54 +0000"
    },
    "done": true
  },
  "mcwfences:recipes/quartz": {
    "criteria": {
      "has_qq": "2024-08-01 04:43:54 +0000"
    },
    "done": true
  },
  "aquaculture:recipes/misc/iron_nugget_from_smelting": {
    "criteria": {
      "has_fishing_rod": "2024-08-01 04:43:54 +0000",
      "has_fillet_knife": "2024-08-01 04:43:54 +0000"
    },
    "done": false
  },
  "aquaculture:recipes/tools/golden_fishing_rod": {
    "criteria": {
      "has_vanilla_rod": "2024-08-01 04:43:54 +0000"
    },
    "done": false
  },
  "aquaculture:recipes/misc/gold_nugget_from_smelting": {
    "criteria": {
      "has_fishing_rod": "2024-08-01 04:43:54 +0000",
      "has_fillet_knife": "2024-08-01 04:43:54 +0000"
    },
    "done": false
  },
  "beautify:progression/root": {
    "criteria": {
      "Install": "2024-08-01 04:43:54 +0000"
    },
    "done": true
  },
  "mcwfences:recipes/mangrove": {
    "criteria": {
      "has_mangrove": "2024-08-01 04:43:54 +0000"
    },
    "done": true
  },
  "aquaculture:recipes/misc/bonemeal_from_fish_bones": {
    "criteria": {
      "has_items": "2024-08-01 04:43:54 +0000"
    },
    "done": false
  },
  "mcwfences:recipes/nether": {
    "criteria": {
      "has_nether_brick": "2024-08-01 04:43:54 +0000"
    },
    "done": true
  },
  "mcwfences:recipes/bamboo": {
    "criteria": {
      "has_bamboo": "2024-08-01 04:43:54 +0000"
    },
    "done": true
  },
  "aquaculture:recipes/misc/brown_mushroom_from_fish": {
    "criteria": {
      "has_items": "2024-08-01 04:43:54 +0000"
    },
    "done": false
  },
  "mcwfences:recipes/spruce": {
    "criteria": {
      "has_spruce": "2024-08-01 04:43:54 +0000"
    },
    "done": true
  },
  "aquaculture:recipes/misc/neptinium_ingot_from_blasting": {
    "criteria": {
      "has_leggings": "2024-08-01 04:43:54 +0000",
      "has_axe": "2024-08-01 04:43:54 +0000",
      "has_helmet": "2024-08-01 04:43:54 +0000",
      "has_fishing_rod": "2024-08-01 04:43:54 +0000",
      "has_bow": "2024-08-01 04:43:54 +0000",
      "has_chestplate": "2024-08-01 04:43:54 +0000",
      "has_sword": "2024-08-01 04:43:54 +0000",
      "has_fillet_knife": "2024-08-01 04:43:54 +0000",
      "has_shovel": "2024-08-01 04:43:54 +0000",
      "has_hoe": "2024-08-01 04:43:54 +0000",
      "has_boots": "2024-08-01 04:43:54 +0000",
      "has_pickaxe": "2024-08-01 04:43:54 +0000"
    },
    "done": false
  },
  "cold_sweat:root": {
    "criteria": {
      "requirement": "2024-08-01 04:43:54 +0000"
    },
    "done": true
  },
  "aquaculture:recipes/decorations/dark_oak_fish_mount": {
    "criteria": {
      "has_items": "2024-08-01 04:43:54 +0000"
    },
    "done": false
  },
  "bakery:main/root": {
    "criteria": {
      "seeds": "2024-08-01 04:43:54 +0000"
    },
    "done": true
  },
  "aquaculture:recipes/aquaculture/diamond_hook": {
    "criteria": {
      "has_items": "2024-08-01 04:43:54 +0000"
    },
    "done": false
  },
  "aquaculture:recipes/food/sushi": {
    "criteria": {
      "has_alt_items": "2024-08-01 04:43:54 +0000",
      "has_items": "2024-08-01 04:43:54 +0000"
    },
    "done": false
  },
  "aquaculture:recipes/misc/red_mushroom_from_fish": {
    "criteria": {
      "has_items": "2024-08-01 04:43:54 +0000"
    },
    "done": false
  },
  "aquaculture:recipes/building_blocks/planks_from_driftwood": {
    "criteria": {
      "has_items": "2024-08-01 04:43:54 +0000"
    },
    "done": false
  },
  "mcwfences:recipes/end": {
    "criteria": {
      "has_end_brick": "2024-08-01 04:43:54 +0000"
    },
    "done": true
  },
  "aquaculture:recipes/aquaculture/worm_farm": {
    "criteria": {
      "has_items": "2024-08-01 04:43:54 +0000"
    },
    "done": false
  },
  "aquaculture:recipes/aquaculture/note_hook": {
    "criteria": {
      "has_items": "2024-08-01 04:43:54 +0000"
    },
    "done": false
  },
  "aquaculture:recipes/food/cooked_fish_fillet_from_campfire": {
    "criteria": {
      "has_items": "2024-08-01 04:43:54 +0000"
    },
    "done": false
  },
  "aquaculture:recipes/aquaculture/gold_hook": {
    "criteria": {
      "has_items": "2024-08-01 04:43:54 +0000"
    },
    "done": false
  },
  "aquaculture:recipes/decorations/spruce_fish_mount": {
    "criteria": {
      "has_items": "2024-08-01 04:43:54 +0000"
    },
    "done": false
  },
  "mcwfences:recipes/mud_brick": {
    "criteria": {
      "has_qq": "2024-08-01 04:43:54 +0000"
    },
    "done": true
  },
  "mcwfences:recipes/blackstone": {
    "criteria": {
      "has_blackstone": "2024-08-01 04:43:54 +0000"
    },
    "done": true
  },
  "aquaculture:recipes/misc/tin_can_to_iron_nugget_from_blasting": {
    "criteria": {
      "has_items": "2024-08-01 04:43:54 +0000"
    },
    "done": false
  },
  "cataclysm:root": {
    "criteria": {
      "custom_test_name": "2024-08-01 04:43:54 +0000"
    },
    "done": true
  },
  "mcwfences:recipes/deepslate": {
    "criteria": {
      "has_deepslate": "2024-08-01 04:43:54 +0000"
    },
    "done": true
  },
  "aquaculture:recipes/aquaculture/redstone_hook": {
    "criteria": {
      "has_items": "2024-08-01 04:43:54 +0000"
    },
    "done": false
  },
  "aquaculture:recipes/misc/gold_nugget_from_blasting": {
    "criteria": {
      "has_fishing_rod": "2024-08-01 04:43:54 +0000",
      "has_fillet_knife": "2024-08-01 04:43:54 +0000"
    },
    "done": false
  },
  "aquaculture:recipes/aquaculture/bobber": {
    "criteria": {
      "has_items": "2024-08-01 04:43:54 +0000"
    },
    "done": false
  },
  "aquaculture:recipes/misc/gold_nugget_from_gold_fish": {
    "criteria": {
      "has_items": "2024-08-01 04:43:54 +0000"
    },
    "done": false
  },
  "aquaculture:recipes/food/cooked_fish_fillet_from_smoking": {
    "criteria": {
      "has_items": "2024-08-01 04:43:54 +0000"
    },
    "done": false
  },
  "farmersdelight:main/root": {
    "criteria": {
      "seeds": "2024-08-01 04:43:54 +0000"
    },
    "done": true
  },
  "aquaculture:recipes/food/cooked_fish_fillet": {
    "criteria": {
      "has_items": "2024-08-01 04:43:54 +0000"
    },
    "done": false
  },
  "brewery:main/root": {
    "criteria": {
      "seeds": "2024-08-01 04:43:54 +0000"
    },
    "done": true
  },
  "aquaculture:recipes/misc/neptunium_ingot_from_nuggets": {
    "criteria": {
      "has_items": "2024-08-01 04:43:54 +0000"
    },
    "done": false
  },
  "aquaculture:recipes/misc/iron_nugget_from_blasting": {
    "criteria": {
      "has_fishing_rod": "2024-08-01 04:43:54 +0000",
      "has_fillet_knife": "2024-08-01 04:43:54 +0000"
    },
    "done": false
  },
  "candlelight:main/root": {
    "criteria": {
      "seeds": "2024-08-01 04:43:54 +0000"
    },
    "done": true
  },
  "cold_sweat:recipes/thermometer": {
    "criteria": {
      "temperature": "2024-08-01 04:43:54 +0000"
    },
    "done": false
  },
  "cold_sweat:extreme_temps": {
    "criteria": {
      "requirement": "2024-08-01 04:43:54 +0000"
    },
    "done": true
  },
  "aquaculture:recipes/decorations/jungle_fish_mount": {
    "criteria": {
      "has_items": "2024-08-01 04:43:54 +0000"
    },
    "done": false
  },
  "betterend:root": {
    "criteria": {
      "welcome": "2024-08-01 04:43:55 +0000"
    },
    "done": true
  },
  "biomesoplenty:biomesoplenty/root": {
    "criteria": {
      "muskeg": "2024-08-01 04:47:03 +0000",
      "snowblossom_grove": "2024-08-01 04:46:53 +0000",
      "maple_woods": "2024-08-01 05:47:18 +0000",
      "seasonal_forest": "2024-08-01 05:47:11 +0000",
      "pumpkin_patch": "2024-08-01 06:05:05 +0000",
      "snowy_fir_clearing": "2024-08-01 04:43:55 +0000",
      "tundra": "2024-08-01 04:47:00 +0000"
    },
    "done": false
  },
  "biomesoplenty:biomesoplenty/all_biomes": {
    "criteria": {
      "muskeg": "2024-08-01 04:47:03 +0000",
      "snowblossom_grove": "2024-08-01 04:46:53 +0000",
      "maple_woods": "2024-08-01 05:47:18 +0000",
      "seasonal_forest": "2024-08-01 05:47:11 +0000",
      "pumpkin_patch": "2024-08-01 06:05:05 +0000",
      "snowy_fir_clearing": "2024-08-01 04:43:55 +0000",
      "tundra": "2024-08-01 04:47:00 +0000"
    },
    "done": false
  },
  "alexsmobs:alexsmobs/root": {
    "criteria": {
      "useitem": "2024-08-01 04:44:40 +0000"
    },
    "done": true
  },
  "minecraft:husbandry/root": {
    "criteria": {
      "consumed_item": "2024-08-01 04:44:40 +0000"
    },
    "done": true
  },
  "securitycraft:recipes/building_blocks/reinforced_polished_blackstone_brick_stairs_from_reinforced_polished_blackstone_bricks_stonecutting": {
    "criteria": {
      "has_reinforced_polished_blackstone_bricks": "2024-08-01 04:50:23 +0000"
    },
    "done": false
  },
  "securitycraft:recipes/building_blocks/reinforced_polished_blackstone_brick_stairs": {
    "criteria": {
      "has_block": "2024-08-01 04:50:23 +0000"
    },
    "done": false
  },
  "securitycraft:recipes/building_blocks/reinforced_cracked_polished_blackstone_bricks": {
    "criteria": {
      "has_item": "2024-08-01 04:50:23 +0000"
    },
    "done": false
  },
  "securitycraft:recipes/building_blocks/reinforced_polished_blackstone_brick_slab": {
    "criteria": {
      "has_block": "2024-08-01 04:50:23 +0000"
    },
    "done": false
  },
  "securitycraft:recipes/building_blocks/reinforced_polished_blackstone_brick_slab_from_reinforced_polished_blackstone_bricks_stonecutting": {
    "criteria": {
      "has_reinforced_polished_blackstone_bricks": "2024-08-01 04:50:23 +0000"
    },
    "done": false
  },
  "securitycraft:recipes/building_blocks/reinforced_polished_blackstone_brick_wall_from_reinforced_polished_blackstone_bricks_stonecutting": {
    "criteria": {
      "has_reinforced_polished_blackstone_bricks": "2024-08-01 04:50:23 +0000"
    },
    "done": false
  },
  "securitycraft:recipes/building_blocks/reinforced_polished_blackstone_brick_wall": {
    "criteria": {
      "has_block": "2024-08-01 04:50:23 +0000"
    },
    "done": false
  },
  "farlanders:root": {
    "criteria": {
      "attack_anything": "2024-08-01 04:53:15 +0000"
    },
    "done": true
  },
  "minecraft:recipes/decorations/chest": {
    "criteria": {
      "has_lots_of_items": "2024-08-01 04:55:52 +0000"
    },
    "done": false
  },
  "farlanders:craft_nightfall_sword": {
    "criteria": {
      "craft_sword": "2024-08-01 05:01:07 +0000"
    },
    "done": true
  },
  "mutantmonsters:root": {
    "criteria": {
      "killed_something": "2024-08-01 05:01:13 +0000"
    },
    "done": false
  },
  "minecraft:adventure/kill_a_mob": {
    "criteria": {
      "specialmobs:cavespider": "2024-08-01 05:01:13 +0000",
      "neapolitan:plantain_spider": "2024-08-01 05:46:42 +0000",
      "specialmobs:blaze": "2024-08-01 05:04:25 +0000",
      "minecraft:creeper": "2024-08-01 05:01:13 +0000",
      "specialmobs:mothercavespider": "2024-08-01 05:01:25 +0000",
      "specialmobs:babycavespider": "2024-08-01 05:01:41 +0000",
      "minecraft:zoglin": "2024-08-01 05:23:23 +0000",
      "minecraft:elder_guardian": "2024-08-01 05:09:38 +0000",
      "specialmobs:ghast": "2024-08-01 05:19:45 +0000",
      "specialmobs:flyingcavespider": "2024-08-01 05:01:17 +0000",
      "minecraft:evoker": "2024-08-01 05:18:03 +0000",
      "specialmobs:slabghast": "2024-08-01 05:32:37 +0000"
    },
    "done": false
  },
  "minecraft:adventure/kill_all_mobs": {
    "criteria": {
      "minecraft:blaze": "2024-08-01 05:04:25 +0000",
      "minecraft:elder_guardian": "2024-08-01 05:09:38 +0000",
      "minecraft:zoglin": "2024-08-01 05:23:23 +0000",
      "minecraft:ghast": "2024-08-01 05:19:45 +0000",
      "minecraft:evoker": "2024-08-01 05:18:03 +0000",
      "minecraft:cave_spider": "2024-08-01 05:01:13 +0000",
      "neapolitan:plantain_spider": "2024-08-01 05:46:42 +0000"
    },
    "done": false
  },
  "minecraft:adventure/root": {
    "criteria": {
      "killed_something": "2024-08-01 05:01:13 +0000"
    },
    "done": false
  },
  "beautify:rope": {
    "criteria": {
      "requirement": "2024-08-01 05:01:14 +0000"
    },
    "done": true
  },
  "minecraft:recipes/redstone/tripwire_hook": {
    "criteria": {
      "has_string": "2024-08-01 05:01:14 +0000"
    },
    "done": false
  },
  "minecraft:recipes/decorations/candle": {
    "criteria": {
      "has_string": "2024-08-01 05:01:14 +0000"
    },
    "done": false
  },
  "refurbished_furniture:recipes/misc/constructing/magenta_trampoline": {
    "criteria": {
      "has_string": "2024-08-01 05:01:14 +0000",
      "has_slime_ball": "2024-08-01 05:30:20 +0000"
    },
    "done": false
  },
  "minecraft:recipes/combat/bow": {
    "criteria": {
      "has_string": "2024-08-01 05:01:14 +0000"
    },
    "done": false
  },
  "refurbished_furniture:recipes/misc/constructing/light_gray_trampoline": {
    "criteria": {
      "has_string": "2024-08-01 05:01:14 +0000",
      "has_slime_ball": "2024-08-01 05:30:20 +0000"
    },
    "done": false
  },
  "refurbished_furniture:recipes/misc/constructing/green_trampoline": {
    "criteria": {
      "has_string": "2024-08-01 05:01:14 +0000",
      "has_slime_ball": "2024-08-01 05:30:20 +0000"
    },
    "done": false
  },
  "refurbished_furniture:recipes/misc/knife": {
    "criteria": {
      "has_string": "2024-08-01 05:01:14 +0000"
    },
    "done": false
  },
  "refurbished_furniture:recipes/misc/wrench": {
    "criteria": {
      "has_string": "2024-08-01 05:01:14 +0000"
    },
    "done": false
  },
  "refurbished_furniture:recipes/misc/constructing/pink_trampoline": {
    "criteria": {
      "has_string": "2024-08-01 05:01:14 +0000",
      "has_slime_ball": "2024-08-01 05:30:20 +0000"
    },
    "done": false
  },
  "refurbished_furniture:recipes/misc/spatula": {
    "criteria": {
      "has_string": "2024-08-01 05:01:14 +0000"
    },
    "done": false
  },
  "refurbished_furniture:recipes/misc/constructing/orange_trampoline": {
    "criteria": {
      "has_string": "2024-08-01 05:01:14 +0000",
      "has_slime_ball": "2024-08-01 05:30:20 +0000"
    },
    "done": false
  },
  "refurbished_furniture:recipes/misc/constructing/cyan_trampoline": {
    "criteria": {
      "has_string": "2024-08-01 05:01:14 +0000",
      "has_slime_ball": "2024-08-01 05:30:20 +0000"
    },
    "done": false
  },
  "refurbished_furniture:recipes/misc/constructing/brown_trampoline": {
    "criteria": {
      "has_string": "2024-08-01 05:01:14 +0000",
      "has_slime_ball": "2024-08-01 05:30:20 +0000"
    },
    "done": false
  },
  "supplementaries:recipes/bomb": {
    "criteria": {
      "has_string": "2024-08-01 05:01:14 +0000"
    },
    "done": false
  },
  "refurbished_furniture:recipes/misc/constructing/light_blue_trampoline": {
    "criteria": {
      "has_string": "2024-08-01 05:01:14 +0000",
      "has_slime_ball": "2024-08-01 05:30:20 +0000"
    },
    "done": false
  },
  "refurbished_furniture:recipes/misc/constructing/red_trampoline": {
    "criteria": {
      "has_string": "2024-08-01 05:01:14 +0000",
      "has_slime_ball": "2024-08-01 05:30:20 +0000"
    },
    "done": false
  },
  "refurbished_furniture:recipes/misc/constructing/blue_trampoline": {
    "criteria": {
      "has_string": "2024-08-01 05:01:14 +0000",
      "has_slime_ball": "2024-08-01 05:30:20 +0000"
    },
    "done": false
  },
  "refurbished_furniture:recipes/misc/constructing/white_trampoline": {
    "criteria": {
      "has_string": "2024-08-01 05:01:14 +0000",
      "has_slime_ball": "2024-08-01 05:30:20 +0000"
    },
    "done": false
  },
  "supplementaries:recipes/slingshot": {
    "criteria": {
      "has_string": "2024-08-01 05:01:14 +0000",
      "has_slime_ball": "2024-08-01 05:30:20 +0000"
    },
    "done": false
  },
  "minecraft:recipes/combat/crossbow": {
    "criteria": {
      "has_string": "2024-08-01 05:01:14 +0000"
    },
    "done": false
  },
  "supplementaries:recipes/sack": {
    "criteria": {
      "has_string": "2024-08-01 05:01:14 +0000"
    },
    "done": false
  },
  "refurbished_furniture:recipes/misc/constructing/yellow_trampoline": {
    "criteria": {
      "has_string": "2024-08-01 05:01:14 +0000",
      "has_slime_ball": "2024-08-01 05:30:20 +0000"
    },
    "done": false
  },
  "refurbished_furniture:recipes/misc/constructing/gray_trampoline": {
    "criteria": {
      "has_string": "2024-08-01 05:01:14 +0000",
      "has_slime_ball": "2024-08-01 05:30:20 +0000"
    },
    "done": false
  },
  "beachparty:bikini": {
    "criteria": {
      "has_string": "2024-08-01 05:01:14 +0000"
    },
    "done": false
  },
  "minecraft:recipes/tools/fishing_rod": {
    "criteria": {
      "has_string": "2024-08-01 05:01:14 +0000"
    },
    "done": false
  },
  "refurbished_furniture:recipes/misc/constructing/lime_trampoline": {
    "criteria": {
      "has_string": "2024-08-01 05:01:14 +0000",
      "has_slime_ball": "2024-08-01 05:30:20 +0000"
    },
    "done": false
  },
  "refurbished_furniture:recipes/misc/constructing/black_trampoline": {
    "criteria": {
      "has_string": "2024-08-01 05:01:14 +0000",
      "has_slime_ball": "2024-08-01 05:30:20 +0000"
    },
    "done": false
  },
  "minecraft:recipes/building_blocks/white_wool_from_string": {
    "criteria": {
      "has_string": "2024-08-01 05:01:14 +0000"
    },
    "done": false
  },
  "refurbished_furniture:recipes/misc/constructing/purple_trampoline": {
    "criteria": {
      "has_string": "2024-08-01 05:01:14 +0000",
      "has_slime_ball": "2024-08-01 05:30:20 +0000"
    },
    "done": false
  },
  "minecraft:recipes/decorations/loom": {
    "criteria": {
      "has_string": "2024-08-01 05:01:14 +0000"
    },
    "done": false
  },
  "farmersdelight:recipes/food/grilled_salmon": {
    "criteria": {
      "has_salmon": "2024-08-01 05:07:07 +0000"
    },
    "done": false
  },
  "minecraft:recipes/food/cooked_cod_from_grill_cooking": {
    "criteria": {
      "has_cod": "2024-08-01 05:07:07 +0000"
    },
    "done": false
  },
  "farmersdelight:recipes/cooking/baked_cod_stew": {
    "criteria": {
      "has_any_ingredient": "2024-08-01 05:07:07 +0000"
    },
    "done": false
  },
  "vanillacookbook:recipes/raw_fish": {
    "criteria": {
      "has_raw_fish": "2024-08-01 05:07:07 +0000"
    },
    "done": true
  },
  "minecraft:recipes/food/cooked_salmon_from_campfire_cooking": {
    "criteria": {
      "has_salmon": "2024-08-01 05:07:07 +0000"
    },
    "done": false
  },
  "minecraft:recipes/food/cooked_salmon_from_grill_cooking": {
    "criteria": {
      "has_salmon": "2024-08-01 05:07:07 +0000"
    },
    "done": false
  },
  "minecraft:recipes/food/cooked_salmon_from_smoking": {
    "criteria": {
      "has_salmon": "2024-08-01 05:07:07 +0000"
    },
    "done": false
  },
  "minecraft:recipes/food/cooked_cod_from_campfire_cooking": {
    "criteria": {
      "has_cod": "2024-08-01 05:07:07 +0000"
    },
    "done": false
  },
  "minecraft:recipes/food/cooked_cod": {
    "criteria": {
      "has_cod": "2024-08-01 05:07:07 +0000"
    },
    "done": false
  },
  "minecraft:recipes/food/cooked_cod_from_smoking": {
    "criteria": {
      "has_cod": "2024-08-01 05:07:07 +0000"
    },
    "done": false
  },
  "farmersdelight:recipes/cooking/fish_stew": {
    "criteria": {
      "has_any_ingredient": "2024-08-01 05:07:07 +0000"
    },
    "done": false
  },
  "vanillacookbook:recipes/cooking/raw_fish": {
    "criteria": {
      "has_raw_fish": "2024-08-01 05:07:07 +0000"
    },
    "done": true
  },
  "minecraft:recipes/food/cooked_salmon": {
    "criteria": {
      "has_salmon": "2024-08-01 05:07:07 +0000"
    },
    "done": false
  },
  "securitycraft:recipes/misc/crystal_quartz_item": {
    "criteria": {
      "has_prismarine_crystals": "2024-08-01 05:09:41 +0000"
    },
    "done": false
  },
  "minecraft:recipes/building_blocks/sponge": {
    "criteria": {
      "has_wet_sponge": "2024-08-01 05:09:41 +0000"
    },
    "done": false
  },
  "minecraft:recipes/building_blocks/prismarine_bricks": {
    "criteria": {
      "has_prismarine_shard": "2024-08-01 05:09:41 +0000"
    },
    "done": false
  },
  "minecraft:recipes/building_blocks/sea_lantern": {
    "criteria": {
      "has_prismarine_crystals": "2024-08-01 05:09:41 +0000"
    },
    "done": false
  },
  "minecraft:recipes/building_blocks/prismarine": {
    "criteria": {
      "has_prismarine_shard": "2024-08-01 05:09:41 +0000"
    },
    "done": false
  },
  "minecraft:recipes/building_blocks/dark_prismarine": {
    "criteria": {
      "has_prismarine_shard": "2024-08-01 05:09:41 +0000"
    },
    "done": false
  },
  "cfm:recipes/decorations/orange_cooler": {
    "criteria": {
      "has_chest": "2024-08-01 05:12:51 +0000"
    },
    "done": false
  },
  "bclib:recipes/decorations/tag_shulker_box": {
    "criteria": {
      "has_tag_c_chest": "2024-08-01 05:12:51 +0000"
    },
    "done": false
  },
  "cfm:recipes/decorations/dark_oak_mail_box": {
    "criteria": {
      "has_chest": "2024-08-01 05:12:51 +0000"
    },
    "done": false
  },
  "cfm:recipes/decorations/stripped_acacia_kitchen_drawer": {
    "criteria": {
      "has_chest": "2024-08-01 05:12:51 +0000"
    },
    "done": false
  },
  "cfm:recipes/decorations/fridge_dark": {
    "criteria": {
      "has_chest": "2024-08-01 05:12:51 +0000"
    },
    "done": false
  },
  "cfm:recipes/decorations/stripped_spruce_mail_box": {
    "criteria": {
      "has_chest": "2024-08-01 05:12:51 +0000"
    },
    "done": false
  },
  "candlelight:recipes/chocolate_box": {
    "criteria": {
      "has_chest": "2024-08-01 05:12:51 +0000"
    },
    "done": false
  },
  "cfm:recipes/decorations/cyan_kitchen_drawer": {
    "criteria": {
      "has_chest": "2024-08-01 05:12:51 +0000"
    },
    "done": false
  },
  "cfm:recipes/decorations/stripped_oak_kitchen_drawer": {
    "criteria": {
      "has_chest": "2024-08-01 05:12:51 +0000"
    },
    "done": false
  },
  "cfm:recipes/decorations/stripped_jungle_mail_box": {
    "criteria": {
      "has_chest": "2024-08-01 05:12:51 +0000"
    },
    "done": false
  },
  "cfm:recipes/decorations/stripped_dark_oak_kitchen_drawer": {
    "criteria": {
      "has_chest": "2024-08-01 05:12:51 +0000"
    },
    "done": false
  },
  "cfm:recipes/decorations/crimson_kitchen_drawer": {
    "criteria": {
      "has_chest": "2024-08-01 05:12:51 +0000"
    },
    "done": false
  },
  "cfm:recipes/decorations/acacia_mail_box": {
    "criteria": {
      "has_chest": "2024-08-01 05:12:51 +0000"
    },
    "done": false
  },
  "cfm:recipes/decorations/stripped_crimson_mail_box": {
    "criteria": {
      "has_chest": "2024-08-01 05:12:51 +0000"
    },
    "done": false
  },
  "cfm:recipes/decorations/purple_kitchen_drawer": {
    "criteria": {
      "has_chest": "2024-08-01 05:12:51 +0000"
    },
    "done": false
  },
  "cfm:recipes/decorations/green_kitchen_drawer": {
    "criteria": {
      "has_chest": "2024-08-01 05:12:51 +0000"
    },
    "done": false
  },
  "cfm:recipes/decorations/lime_cooler": {
    "criteria": {
      "has_chest": "2024-08-01 05:12:51 +0000"
    },
    "done": false
  },
  "cfm:recipes/decorations/white_kitchen_drawer": {
    "criteria": {
      "has_chest": "2024-08-01 05:12:51 +0000"
    },
    "done": false
  },
  "cfm:recipes/decorations/magenta_cooler": {
    "criteria": {
      "has_chest": "2024-08-01 05:12:51 +0000"
    },
    "done": false
  },
  "cfm:recipes/decorations/yellow_kitchen_drawer": {
    "criteria": {
      "has_chest": "2024-08-01 05:12:51 +0000"
    },
    "done": false
  },
  "cfm:recipes/decorations/birch_kitchen_drawer": {
    "criteria": {
      "has_chest": "2024-08-01 05:12:51 +0000"
    },
    "done": false
  },
  "cfm:recipes/decorations/magenta_kitchen_drawer": {
    "criteria": {
      "has_chest": "2024-08-01 05:12:51 +0000"
    },
    "done": false
  },
  "cfm:recipes/decorations/stripped_warped_mail_box": {
    "criteria": {
      "has_chest": "2024-08-01 05:12:51 +0000"
    },
    "done": false
  },
  "cfm:recipes/decorations/purple_cooler": {
    "criteria": {
      "has_chest": "2024-08-01 05:12:51 +0000"
    },
    "done": false
  },
  "cfm:recipes/decorations/black_cooler": {
    "criteria": {
      "has_chest": "2024-08-01 05:12:51 +0000"
    },
    "done": false
  },
  "cfm:recipes/decorations/orange_kitchen_drawer": {
    "criteria": {
      "has_chest": "2024-08-01 05:12:51 +0000"
    },
    "done": false
  },
  "cfm:recipes/decorations/stripped_birch_mail_box": {
    "criteria": {
      "has_chest": "2024-08-01 05:12:51 +0000"
    },
    "done": false
  },
  "cfm:recipes/decorations/light_blue_cooler": {
    "criteria": {
      "has_chest": "2024-08-01 05:12:51 +0000"
    },
    "done": false
  },
  "cfm:recipes/decorations/light_blue_kitchen_drawer": {
    "criteria": {
      "has_chest": "2024-08-01 05:12:51 +0000"
    },
    "done": false
  },
  "cfm:recipes/decorations/black_kitchen_drawer": {
    "criteria": {
      "has_chest": "2024-08-01 05:12:51 +0000"
    },
    "done": false
  },
  "cfm:recipes/decorations/mangrove_kitchen_drawer": {
    "criteria": {
      "has_chest": "2024-08-01 05:12:51 +0000"
    },
    "done": false
  },
  "cfm:recipes/decorations/stripped_dark_oak_mail_box": {
    "criteria": {
      "has_chest": "2024-08-01 05:12:51 +0000"
    },
    "done": false
  },
  "cfm:recipes/decorations/mangrove_mail_box": {
    "criteria": {
      "has_chest": "2024-08-01 05:12:51 +0000"
    },
    "done": false
  },
  "cfm:recipes/decorations/yellow_cooler": {
    "criteria": {
      "has_chest": "2024-08-01 05:12:51 +0000"
    },
    "done": false
  },
  "cfm:recipes/decorations/spruce_mail_box": {
    "criteria": {
      "has_chest": "2024-08-01 05:12:51 +0000"
    },
    "done": false
  },
  "cfm:recipes/decorations/white_cooler": {
    "criteria": {
      "has_chest": "2024-08-01 05:12:51 +0000"
    },
    "done": false
  },
  "cfm:recipes/decorations/stripped_spruce_kitchen_drawer": {
    "criteria": {
      "has_chest": "2024-08-01 05:12:51 +0000"
    },
    "done": false
  },
  "cfm:recipes/decorations/warped_kitchen_drawer": {
    "criteria": {
      "has_chest": "2024-08-01 05:12:51 +0000"
    },
    "done": false
  },
  "cfm:recipes/decorations/spruce_kitchen_drawer": {
    "criteria": {
      "has_chest": "2024-08-01 05:12:51 +0000"
    },
    "done": false
  },
  "cfm:recipes/decorations/lime_kitchen_drawer": {
    "criteria": {
      "has_chest": "2024-08-01 05:12:51 +0000"
    },
    "done": false
  },
  "cfm:recipes/decorations/oak_kitchen_drawer": {
    "criteria": {
      "has_chest": "2024-08-01 05:12:51 +0000"
    },
    "done": false
  },
  "cfm:recipes/decorations/brown_cooler": {
    "criteria": {
      "has_chest": "2024-08-01 05:12:51 +0000"
    },
    "done": false
  },
  "cfm:recipes/decorations/stripped_warped_kitchen_drawer": {
    "criteria": {
      "has_chest": "2024-08-01 05:12:51 +0000"
    },
    "done": false
  },
  "cfm:recipes/decorations/brown_kitchen_drawer": {
    "criteria": {
      "has_chest": "2024-08-01 05:12:51 +0000"
    },
    "done": false
  },
  "cfm:recipes/decorations/gray_kitchen_drawer": {
    "criteria": {
      "has_chest": "2024-08-01 05:12:51 +0000"
    },
    "done": false
  },
  "cfm:recipes/decorations/birch_mail_box": {
    "criteria": {
      "has_chest": "2024-08-01 05:12:51 +0000"
    },
    "done": false
  },
  "cfm:recipes/decorations/blue_cooler": {
    "criteria": {
      "has_chest": "2024-08-01 05:12:51 +0000"
    },
    "done": false
  },
  "cfm:recipes/decorations/fridge_light": {
    "criteria": {
      "has_chest": "2024-08-01 05:12:51 +0000"
    },
    "done": false
  },
  "cfm:recipes/decorations/stripped_mangrove_kitchen_drawer": {
    "criteria": {
      "has_chest": "2024-08-01 05:12:51 +0000"
    },
    "done": false
  },
  "cfm:recipes/decorations/stripped_mangrove_mail_box": {
    "criteria": {
      "has_chest": "2024-08-01 05:12:51 +0000"
    },
    "done": false
  },
  "cfm:recipes/decorations/stripped_oak_mail_box": {
    "criteria": {
      "has_chest": "2024-08-01 05:12:51 +0000"
    },
    "done": false
  },
  "cfm:recipes/decorations/acacia_kitchen_drawer": {
    "criteria": {
      "has_chest": "2024-08-01 05:12:51 +0000"
    },
    "done": false
  },
  "cfm:recipes/decorations/cyan_cooler": {
    "criteria": {
      "has_chest": "2024-08-01 05:12:51 +0000"
    },
    "done": false
  },
  "cfm:recipes/decorations/crimson_mail_box": {
    "criteria": {
      "has_chest": "2024-08-01 05:12:51 +0000"
    },
    "done": false
  },
  "cfm:recipes/decorations/red_kitchen_drawer": {
    "criteria": {
      "has_chest": "2024-08-01 05:12:51 +0000"
    },
    "done": false
  },
  "cfm:recipes/decorations/jungle_kitchen_drawer": {
    "criteria": {
      "has_chest": "2024-08-01 05:12:51 +0000"
    },
    "done": false
  },
  "cfm:recipes/decorations/red_cooler": {
    "criteria": {
      "has_chest": "2024-08-01 05:12:51 +0000"
    },
    "done": false
  },
  "cfm:recipes/decorations/pink_cooler": {
    "criteria": {
      "has_chest": "2024-08-01 05:12:51 +0000"
    },
    "done": false
  },
  "cfm:recipes/decorations/jungle_mail_box": {
    "criteria": {
      "has_chest": "2024-08-01 05:12:51 +0000"
    },
    "done": false
  },
  "sophisticatedstorage:recipes/misc/oak_chest_from_vanilla_chest": {
    "criteria": {
      "has_vanilla_chest": "2024-08-01 05:12:51 +0000"
    },
    "done": false
  },
  "cfm:recipes/decorations/green_cooler": {
    "criteria": {
      "has_chest": "2024-08-01 05:12:51 +0000"
    },
    "done": false
  },
  "cfm:recipes/decorations/blue_kitchen_drawer": {
    "criteria": {
      "has_chest": "2024-08-01 05:12:51 +0000"
    },
    "done": false
  },
  "cfm:recipes/decorations/stripped_crimson_kitchen_drawer": {
    "criteria": {
      "has_chest": "2024-08-01 05:12:51 +0000"
    },
    "done": false
  },
  "cfm:recipes/decorations/warped_mail_box": {
    "criteria": {
      "has_chest": "2024-08-01 05:12:51 +0000"
    },
    "done": false
  },
  "cfm:recipes/decorations/gray_cooler": {
    "criteria": {
      "has_chest": "2024-08-01 05:12:51 +0000"
    },
    "done": false
  },
  "cfm:recipes/decorations/stripped_jungle_kitchen_drawer": {
    "criteria": {
      "has_chest": "2024-08-01 05:12:51 +0000"
    },
    "done": false
  },
  "cfm:recipes/decorations/oak_mail_box": {
    "criteria": {
      "has_chest": "2024-08-01 05:12:51 +0000"
    },
    "done": false
  },
  "cfm:recipes/decorations/dark_oak_kitchen_drawer": {
    "criteria": {
      "has_chest": "2024-08-01 05:12:51 +0000"
    },
    "done": false
  },
  "cfm:recipes/decorations/pink_kitchen_drawer": {
    "criteria": {
      "has_chest": "2024-08-01 05:12:51 +0000"
    },
    "done": false
  },
  "cfm:recipes/decorations/light_gray_cooler": {
    "criteria": {
      "has_chest": "2024-08-01 05:12:51 +0000"
    },
    "done": false
  },
  "bclib:recipes/redstone/tag_hopper": {
    "criteria": {
      "has_tag_c_chest": "2024-08-01 05:12:51 +0000"
    },
    "done": false
  },
  "cfm:recipes/decorations/stripped_acacia_mail_box": {
    "criteria": {
      "has_chest": "2024-08-01 05:12:51 +0000"
    },
    "done": false
  },
  "cfm:recipes/decorations/stripped_birch_kitchen_drawer": {
    "criteria": {
      "has_chest": "2024-08-01 05:12:51 +0000"
    },
    "done": false
  },
  "cfm:recipes/decorations/light_gray_kitchen_drawer": {
    "criteria": {
      "has_chest": "2024-08-01 05:12:51 +0000"
    },
    "done": false
  },
  "minecraft:husbandry/balanced_diet": {
    "criteria": {
      "neapolitan:mint_candies": "2024-08-01 05:13:18 +0000"
    },
    "done": false
  },
  "bakery:main/get_everything": {
    "criteria": {
      "bakery:vegetable_sandwich": "2024-08-01 05:13:26 +0000"
    },
    "done": false
  },
  "vinery:main/wine_collector": {
    "criteria": {
      "vinery:chorus_wine": "2024-08-01 05:14:04 +0000",
      "vinery:jellie_wine": "2024-08-01 05:14:10 +0000",
      "vinery:cherry_wine": "2024-08-01 05:14:02 +0000"
    },
    "done": false
  },
  "vinery:main/get_wine": {
    "criteria": {
      "have_any_wine": "2024-08-01 05:14:02 +0000"
    },
    "done": true
  },
  "vanillacookbook:recipes/milk": {
    "criteria": {
      "has_milk": "2024-08-01 05:16:06 +0000"
    },
    "done": true
  },
  "supplementaries:recipes/pancake_fd": {
    "criteria": {
      "forge:milk": "2024-08-01 05:16:06 +0000"
    },
    "done": false
  },
  "vanillacookbook:recipes/cooking/milk": {
    "criteria": {
      "has_milk": "2024-08-01 05:16:06 +0000"
    },
    "done": true
  },
  "minecraft:recipes/building_blocks/emerald_block": {
    "criteria": {
      "has_emerald": "2024-08-01 05:18:03 +0000"
    },
    "done": false
  },
  "supplementaries:recipes/speaker_block": {
    "criteria": {
      "has_emerald": "2024-08-01 05:18:03 +0000"
    },
    "done": false
  },
  "advancednetherite:recipes/misc/netherite_emerald_ingot": {
    "criteria": {
      "has_TagKey[minecraft:item / forge:gems/emerald]": "2024-08-01 05:18:03 +0000"
    },
    "done": false
  },
  "minecraft:nether/uneasy_alliance": {
    "criteria": {
      "killed_ghast": "2024-08-01 05:19:45 +0000"
    },
    "done": true
  },
  "farmersdelight:recipes/cooking/dog_food": {
    "criteria": {
      "has_any_ingredient": "2024-08-01 05:23:24 +0000"
    },
    "done": false
  },
  "farmersdelight:recipes/building_blocks/organic_compost_from_rotten_flesh": {
    "criteria": {
      "has_rotten_flesh": "2024-08-01 05:23:24 +0000"
    },
    "done": false
  },
  "refurbished_furniture:recipes/misc/slicing/brown_dye_from_rotten_flesh": {
    "criteria": {
      "has_rotten_flesh": "2024-08-01 05:23:24 +0000"
    },
    "done": false
  },
  "vanillacookbook:recipes/poisonous_pie": {
    "criteria": {
      "has_rotten_flesh": "2024-08-01 05:23:24 +0000"
    },
    "done": false
  },
  "minecraft:adventure/adventuring_time": {
    "criteria": {
      "minecraft:taiga": "2024-08-01 06:04:37 +0000",
      "minecraft:beach": "2024-08-01 06:02:46 +0000",
      "minecraft:river": "2024-08-01 05:24:30 +0000",
      "minecraft:cold_ocean": "2024-08-01 06:02:40 +0000",
      "minecraft:forest": "2024-08-01 05:47:08 +0000",
      "minecraft:snowy_beach": "2024-08-01 06:14:44 +0000"
    },
    "done": false
  },
  "smallships:recipes/transportation/bamboo_galley": {
    "criteria": {
      "in_water": "2024-08-01 05:27:33 +0000"
    },
    "done": false
  },
  "smallships:recipes/transportation/spruce_cog": {
    "criteria": {
      "in_water": "2024-08-01 05:27:33 +0000"
    },
    "done": false
  },
  "smallships:recipes/transportation/acacia_cog": {
    "criteria": {
      "in_water": "2024-08-01 05:27:33 +0000"
    },
    "done": false
  },
  "ecologics:recipes/ecologics/azalea_boat": {
    "criteria": {
      "in_water": "2024-08-01 05:27:33 +0000"
    },
    "done": false
  },
  "biomesoplenty:recipes/transportation/willow_boat": {
    "criteria": {
      "in_water": "2024-08-01 05:27:33 +0000"
    },
    "done": false
  },
  "smallships:recipes/transportation/jungle_cog": {
    "criteria": {
      "in_water": "2024-08-01 05:27:33 +0000"
    },
    "done": false
  },
  "minecraft:recipes/transportation/cherry_boat": {
    "criteria": {
      "in_water": "2024-08-01 05:27:33 +0000"
    },
    "done": false
  },
  "smallships:recipes/transportation/oak_drakkar": {
    "criteria": {
      "in_water": "2024-08-01 05:27:33 +0000"
    },
    "done": false
  },
  "biomesoplenty:recipes/transportation/dead_boat": {
    "criteria": {
      "in_water": "2024-08-01 05:27:33 +0000"
    },
    "done": false
  },
  "biomesoplenty:recipes/transportation/magic_boat": {
    "criteria": {
      "in_water": "2024-08-01 05:27:33 +0000"
    },
    "done": false
  },
  "smallships:recipes/transportation/jungle_brigg": {
    "criteria": {
      "in_water": "2024-08-01 05:27:33 +0000"
    },
    "done": false
  },
  "smallships:recipes/transportation/spruce_galley": {
    "criteria": {
      "in_water": "2024-08-01 05:27:33 +0000"
    },
    "done": false
  },
  "smallships:recipes/transportation/birch_cog": {
    "criteria": {
      "in_water": "2024-08-01 05:27:33 +0000"
    },
    "done": false
  },
  "minecraft:recipes/transportation/acacia_boat": {
    "criteria": {
      "in_water": "2024-08-01 05:27:33 +0000"
    },
    "done": false
  },
  "smallships:recipes/transportation/bamboo_brigg": {
    "criteria": {
      "in_water": "2024-08-01 05:27:33 +0000"
    },
    "done": false
  },
  "minecraft:recipes/transportation/jungle_boat": {
    "criteria": {
      "in_water": "2024-08-01 05:27:33 +0000"
    },
    "done": false
  },
  "twilightforest:recipes/transportation/mining_boat": {
    "criteria": {
      "in_water": "2024-08-01 05:27:33 +0000"
    },
    "done": false
  },
  "smallships:recipes/transportation/bamboo_cog": {
    "criteria": {
      "in_water": "2024-08-01 05:27:33 +0000"
    },
    "done": false
  },
  "twilightforest:recipes/transportation/mangrove_boat": {
    "criteria": {
      "in_water": "2024-08-01 05:27:33 +0000"
    },
    "done": false
  },
  "biomesoplenty:recipes/transportation/fir_boat": {
    "criteria": {
      "in_water": "2024-08-01 05:27:33 +0000"
    },
    "done": false
  },
  "minecraft:recipes/transportation/spruce_boat": {
    "criteria": {
      "in_water": "2024-08-01 05:27:33 +0000"
    },
    "done": false
  },
  "smallships:recipes/transportation/acacia_brigg": {
    "criteria": {
      "in_water": "2024-08-01 05:27:33 +0000"
    },
    "done": false
  },
  "biomesoplenty:recipes/transportation/redwood_boat": {
    "criteria": {
      "in_water": "2024-08-01 05:27:33 +0000"
    },
    "done": false
  },
  "smallships:recipes/transportation/mangrove_galley": {
    "criteria": {
      "in_water": "2024-08-01 05:27:33 +0000"
    },
    "done": false
  },
  "minecraft:recipes/transportation/mangrove_boat": {
    "criteria": {
      "in_water": "2024-08-01 05:27:33 +0000"
    },
    "done": false
  },
  "smallships:recipes/transportation/cherry_drakkar": {
    "criteria": {
      "in_water": "2024-08-01 05:27:33 +0000"
    },
    "done": false
  },
  "biomesoplenty:recipes/transportation/hellbark_boat": {
    "criteria": {
      "in_water": "2024-08-01 05:27:33 +0000"
    },
    "done": false
  },
  "smallships:recipes/transportation/dark_oak_drakkar": {
    "criteria": {
      "in_water": "2024-08-01 05:27:33 +0000"
    },
    "done": false
  },
  "biomesoplenty:recipes/transportation/jacaranda_boat": {
    "criteria": {
      "in_water": "2024-08-01 05:27:33 +0000"
    },
    "done": false
  },
  "twilightforest:recipes/transportation/canopy_boat": {
    "criteria": {
      "in_water": "2024-08-01 05:27:33 +0000"
    },
    "done": false
  },
  "smallships:recipes/transportation/jungle_drakkar": {
    "criteria": {
      "in_water": "2024-08-01 05:27:33 +0000"
    },
    "done": false
  },
  "smallships:recipes/transportation/birch_brigg": {
    "criteria": {
      "in_water": "2024-08-01 05:27:33 +0000"
    },
    "done": false
  },
  "ecologics:recipes/ecologics/coconut_boat": {
    "criteria": {
      "in_water": "2024-08-01 05:27:33 +0000"
    },
    "done": false
  },
  "biomesoplenty:recipes/transportation/palm_boat": {
    "criteria": {
      "in_water": "2024-08-01 05:27:33 +0000"
    },
    "done": false
  },
  "ecologics:recipes/ecologics/flowering_azalea_boat": {
    "criteria": {
      "in_water": "2024-08-01 05:27:33 +0000"
    },
    "done": false
  },
  "smallships:recipes/transportation/cherry_brigg": {
    "criteria": {
      "in_water": "2024-08-01 05:27:33 +0000"
    },
    "done": false
  },
  "smallships:recipes/transportation/spruce_brigg": {
    "criteria": {
      "in_water": "2024-08-01 05:27:33 +0000"
    },
    "done": false
  },
  "twilightforest:recipes/transportation/sorting_boat": {
    "criteria": {
      "in_water": "2024-08-01 05:27:33 +0000"
    },
    "done": false
  },
  "smallships:recipes/transportation/bamboo_drakkar": {
    "criteria": {
      "in_water": "2024-08-01 05:27:33 +0000"
    },
    "done": false
  },
  "smallships:recipes/transportation/mangrove_cog": {
    "criteria": {
      "in_water": "2024-08-01 05:27:33 +0000"
    },
    "done": false
  },
  "minecraft:recipes/transportation/dark_oak_boat": {
    "criteria": {
      "in_water": "2024-08-01 05:27:33 +0000"
    },
    "done": false
  },
  "smallships:recipes/transportation/dark_oak_brigg": {
    "criteria": {
      "in_water": "2024-08-01 05:27:33 +0000"
    },
    "done": false
  },
  "smallships:recipes/transportation/birch_galley": {
    "criteria": {
      "in_water": "2024-08-01 05:27:33 +0000"
    },
    "done": false
  },
  "biomesoplenty:recipes/transportation/umbran_boat": {
    "criteria": {
      "in_water": "2024-08-01 05:27:33 +0000"
    },
    "done": false
  },
  "minecraft:recipes/transportation/bamboo_raft": {
    "criteria": {
      "in_water": "2024-08-01 05:27:33 +0000"
    },
    "done": false
  },
  "smallships:recipes/transportation/mangrove_brigg": {
    "criteria": {
      "in_water": "2024-08-01 05:27:33 +0000"
    },
    "done": false
  },
  "ecologics:recipes/ecologics/walnut_boat": {
    "criteria": {
      "in_water": "2024-08-01 05:27:33 +0000"
    },
    "done": false
  },
  "smallships:recipes/transportation/mangrove_drakkar": {
    "criteria": {
      "in_water": "2024-08-01 05:27:33 +0000"
    },
    "done": false
  },
  "smallships:recipes/misc/sail": {
    "criteria": {
      "in_water": "2024-08-01 05:27:33 +0000"
    },
    "done": false
  },
  "smallships:recipes/transportation/acacia_galley": {
    "criteria": {
      "in_water": "2024-08-01 05:27:33 +0000"
    },
    "done": false
  },
  "smallships:recipes/transportation/jungle_galley": {
    "criteria": {
      "in_water": "2024-08-01 05:27:33 +0000"
    },
    "done": false
  },
  "smallships:recipes/transportation/dark_oak_galley": {
    "criteria": {
      "in_water": "2024-08-01 05:27:33 +0000"
    },
    "done": false
  },
  "smallships:recipes/transportation/spruce_drakkar": {
    "criteria": {
      "in_water": "2024-08-01 05:27:33 +0000"
    },
    "done": false
  },
  "twilightforest:recipes/transportation/twilight_oak_boat": {
    "criteria": {
      "in_water": "2024-08-01 05:27:33 +0000"
    },
    "done": false
  },
  "twilightforest:recipes/transportation/time_boat": {
    "criteria": {
      "in_water": "2024-08-01 05:27:33 +0000"
    },
    "done": false
  },
  "smallships:recipes/transportation/oak_brigg": {
    "criteria": {
      "in_water": "2024-08-01 05:27:33 +0000"
    },
    "done": false
  },
  "twilightforest:recipes/transportation/transformation_boat": {
    "criteria": {
      "in_water": "2024-08-01 05:27:33 +0000"
    },
    "done": false
  },
  "smallships:recipes/transportation/oak_cog": {
    "criteria": {
      "in_water": "2024-08-01 05:27:33 +0000"
    },
    "done": false
  },
  "smallships:recipes/transportation/oak_galley": {
    "criteria": {
      "in_water": "2024-08-01 05:27:33 +0000"
    },
    "done": false
  },
  "minecraft:recipes/transportation/birch_boat": {
    "criteria": {
      "in_water": "2024-08-01 05:27:33 +0000"
    },
    "done": false
  },
  "minecraft:recipes/transportation/oak_boat": {
    "criteria": {
      "in_water": "2024-08-01 05:27:33 +0000"
    },
    "done": false
  },
  "smallships:recipes/transportation/dark_oak_cog": {
    "criteria": {
      "in_water": "2024-08-01 05:27:33 +0000"
    },
    "done": false
  },
  "smallships:recipes/transportation/birch_drakkar": {
    "criteria": {
      "in_water": "2024-08-01 05:27:33 +0000"
    },
    "done": false
  },
  "biomesoplenty:recipes/transportation/mahogany_boat": {
    "criteria": {
      "in_water": "2024-08-01 05:27:33 +0000"
    },
    "done": false
  },
  "twilightforest:recipes/transportation/dark_boat": {
    "criteria": {
      "in_water": "2024-08-01 05:27:33 +0000"
    },
    "done": false
  },
  "smallships:recipes/transportation/acacia_drakkar": {
    "criteria": {
      "in_water": "2024-08-01 05:27:33 +0000"
    },
    "done": false
  },
  "smallships:recipes/transportation/cherry_galley": {
    "criteria": {
      "in_water": "2024-08-01 05:27:33 +0000"
    },
    "done": false
  },
  "smallships:recipes/transportation/cherry_cog": {
    "criteria": {
      "in_water": "2024-08-01 05:27:33 +0000"
    },
    "done": false
  },
  "minecraft:adventure/summon_iron_golem": {
    "criteria": {
      "summoned_golem": "2024-08-01 05:27:37 +0000"
    },
    "done": true
  },
  "supplementaries:recipes/feather_block": {
    "criteria": {
      "has_feather": "2024-08-01 05:28:50 +0000"
    },
    "done": false
  },
  "refurbished_furniture:recipes/misc/slicing/string_from_feather": {
    "criteria": {
      "has_feather": "2024-08-01 05:28:50 +0000"
    },
    "done": false
  },
  "minecraft:recipes/combat/arrow": {
    "criteria": {
      "has_feather": "2024-08-01 05:28:50 +0000"
    },
    "done": false
  },
  "vinery:main/wild_crops": {
    "criteria": {
      "white_grape_seeds": "2024-08-01 05:30:04 +0000"
    },
    "done": false
  },
  "vinery:main/crop_collector": {
    "criteria": {
      "vinery:white_grape_seeds": "2024-08-01 05:30:04 +0000"
    },
    "done": false
  },
  "bakery:recipes/oat_seeds": {
    "criteria": {
      "has_wheat_seeds": "2024-08-01 05:30:04 +0000"
    },
    "done": false
  },
  "vanillacookbook:recipes/seeds": {
    "criteria": {
      "has_seeds": "2024-08-01 05:30:04 +0000"
    },
    "done": true
  },
  "vanillacookbook:recipes/cooking/slime": {
    "criteria": {
      "has_slime_ball": "2024-08-01 05:30:20 +0000"
    },
    "done": true
  },
  "securitycraft:recipes/redstone/reinforced_sticky_piston": {
    "criteria": {
      "has_slime_ball": "2024-08-01 05:30:20 +0000"
    },
    "done": false
  },
  "minecraft:recipes/redstone/slime_block": {
    "criteria": {
      "has_slime_ball": "2024-08-01 05:30:20 +0000"
    },
    "done": false
  },
  "minecraft:recipes/tools/lead": {
    "criteria": {
      "has_slime_ball": "2024-08-01 05:30:20 +0000"
    },
    "done": false
  },
  "vanillacookbook:recipes/slime": {
    "criteria": {
      "has_slime_ball": "2024-08-01 05:30:20 +0000"
    },
    "done": true
  },
  "sophisticatedstorage:recipes/misc/packing_tape": {
    "criteria": {
      "has_slime": "2024-08-01 05:30:20 +0000"
    },
    "done": false
  },
  "minecraft:recipes/redstone/sticky_piston": {
    "criteria": {
      "has_slime_ball": "2024-08-01 05:30:20 +0000"
    },
    "done": false
  },
  "refurbished_furniture:recipes/misc/constructing/red_lamp": {
    "criteria": {
      "has_redstone": "2024-08-01 05:30:21 +0000"
    },
    "done": false
  },
  "refurbished_furniture:recipes/misc/dark_electricity_generator": {
    "criteria": {
      "has_redstone": "2024-08-01 05:30:21 +0000"
    },
    "done": false
  },
  "refurbished_furniture:recipes/misc/constructing/oak_light_ceiling_fan": {
    "criteria": {
      "has_redstone": "2024-08-01 05:30:21 +0000"
    },
    "done": false
  },
  "refurbished_furniture:recipes/misc/constructing/crimson_light_ceiling_fan": {
    "criteria": {
      "has_redstone": "2024-08-01 05:30:21 +0000"
    },
    "done": false
  },
  "refurbished_furniture:recipes/misc/constructing/light_microwave": {
    "criteria": {
      "has_redstone": "2024-08-01 05:30:21 +0000"
    },
    "done": false
  },
  "refurbished_furniture:recipes/misc/constructing/spruce_light_ceiling_fan": {
    "criteria": {
      "has_redstone": "2024-08-01 05:30:21 +0000"
    },
    "done": false
  },
  "securitycraft:recipes/misc/portable_tune_player": {
    "criteria": {
      "has_redstone": "2024-08-01 05:30:21 +0000"
    },
    "done": false
  },
  "refurbished_furniture:recipes/misc/constructing/jungle_light_ceiling_fan": {
    "criteria": {
      "has_redstone": "2024-08-01 05:30:21 +0000"
    },
    "done": false
  },
  "supplementaries:recipes/turn_table": {
    "criteria": {
      "has_redstone": "2024-08-01 05:30:21 +0000"
    },
    "done": false
  },
  "refurbished_furniture:recipes/misc/constructing/mangrove_light_ceiling_fan": {
    "criteria": {
      "has_redstone": "2024-08-01 05:30:21 +0000"
    },
    "done": false
  },
  "refurbished_furniture:recipes/misc/constructing/green_lamp": {
    "criteria": {
      "has_redstone": "2024-08-01 05:30:21 +0000"
    },
    "done": false
  },
  "refurbished_furniture:recipes/misc/constructing/cherry_light_ceiling_fan": {
    "criteria": {
      "has_redstone": "2024-08-01 05:30:21 +0000"
    },
    "done": false
  },
  "refurbished_furniture:recipes/misc/constructing/birch_light_ceiling_fan": {
    "criteria": {
      "has_redstone": "2024-08-01 05:30:21 +0000"
    },
    "done": false
  },
  "refurbished_furniture:recipes/misc/constructing/recycle_bin": {
    "criteria": {
      "has_redstone": "2024-08-01 05:30:21 +0000"
    },
    "done": false
  },
  "refurbished_furniture:recipes/misc/constructing/light_fridge": {
    "criteria": {
      "has_redstone": "2024-08-01 05:30:21 +0000"
    },
    "done": false
  },
  "refurbished_furniture:recipes/misc/constructing/lime_lamp": {
    "criteria": {
      "has_redstone": "2024-08-01 05:30:21 +0000"
    },
    "done": false
  },
  "securitycraft:recipes/redstone/alarm": {
    "criteria": {
      "has_redstone": "2024-08-01 05:30:21 +0000"
    },
    "done": false
  },
  "refurbished_furniture:recipes/misc/constructing/computer": {
    "criteria": {
      "has_redstone": "2024-08-01 05:30:21 +0000"
    },
    "done": false
  },
  "refurbished_furniture:recipes/misc/constructing/brown_lamp": {
    "criteria": {
      "has_redstone": "2024-08-01 05:30:21 +0000"
    },
    "done": false
  },
  "securitycraft:recipes/tools/universal_block_reinforcer_lvl1": {
    "criteria": {
      "has_redstone": "2024-08-01 05:30:21 +0000"
    },
    "done": false
  },
  "securitycraft:recipes/tools/universal_block_reinforcer_lvl3": {
    "criteria": {
      "has_redstone": "2024-08-01 05:30:21 +0000"
    },
    "done": false
  },
  "securitycraft:recipes/tools/universal_block_reinforcer_lvl2": {
    "criteria": {
      "has_redstone": "2024-08-01 05:30:21 +0000"
    },
    "done": false
  },
  "securitycraft:recipes/redstone/reinforced_piston": {
    "criteria": {
      "has_redstone": "2024-08-01 05:30:21 +0000"
    },
    "done": false
  },
  "create:recipes/misc/crafting/logistics/powered_latch": {
    "criteria": {
      "has_item": "2024-08-01 05:30:21 +0000"
    },
    "done": false
  },
  "minecraft:recipes/redstone/note_block": {
    "criteria": {
      "has_redstone": "2024-08-01 05:30:21 +0000"
    },
    "done": false
  },
  "refurbished_furniture:recipes/misc/workbench": {
    "criteria": {
      "has_redstone": "2024-08-01 05:30:21 +0000"
    },
    "done": false
  },
  "refurbished_furniture:recipes/misc/constructing/light_blue_lamp": {
    "criteria": {
      "has_redstone": "2024-08-01 05:30:21 +0000"
    },
    "done": false
  },
  "refurbished_furniture:recipes/misc/constructing/gray_lamp": {
    "criteria": {
      "has_redstone": "2024-08-01 05:30:21 +0000"
    },
    "done": false
  },
  "supplementaries:recipes/altimeter": {
    "criteria": {
      "has_redstone": "2024-08-01 05:30:21 +0000"
    },
    "done": false
  },
  "supplementaries:recipes/sconce_lever": {
    "criteria": {
      "has_redstone": "2024-08-01 05:30:21 +0000"
    },
    "done": false
  },
  "securitycraft:recipes/misc/keypad_frame": {
    "criteria": {
      "has_redstone": "2024-08-01 05:30:21 +0000"
    },
    "done": false
  },
  "minecraft:recipes/redstone/dropper": {
    "criteria": {
      "has_redstone": "2024-08-01 05:30:21 +0000"
    },
    "done": false
  },
  "refurbished_furniture:recipes/misc/constructing/black_lamp": {
    "criteria": {
      "has_redstone": "2024-08-01 05:30:21 +0000"
    },
    "done": false
  },
  "refurbished_furniture:recipes/misc/constructing/light_range_hood": {
    "criteria": {
      "has_redstone": "2024-08-01 05:30:21 +0000"
    },
    "done": false
  },
  "securitycraft:recipes/tools/universal_block_modifier": {
    "criteria": {
      "has_redstone": "2024-08-01 05:30:21 +0000"
    },
    "done": false
  },
  "create:recipes/misc/crafting/materials/rose_quartz": {
    "criteria": {
      "has_item": "2024-08-01 05:30:21 +0000"
    },
    "done": false
  },
  "refurbished_furniture:recipes/misc/constructing/dark_oak_light_ceiling_fan": {
    "criteria": {
      "has_redstone": "2024-08-01 05:30:21 +0000"
    },
    "done": false
  },
  "securitycraft:recipes/misc/cage_trap": {
    "criteria": {
      "has_redstone": "2024-08-01 05:30:21 +0000"
    },
    "done": false
  },
  "minecraft:recipes/redstone/piston": {
    "criteria": {
      "has_redstone": "2024-08-01 05:30:21 +0000"
    },
    "done": false
  },
  "bclib:recipes/tools/tag_compass": {
    "criteria": {
      "has_redstone": "2024-08-01 05:30:21 +0000"
    },
    "done": false
  },
  "refurbished_furniture:recipes/misc/constructing/yellow_lamp": {
    "criteria": {
      "has_redstone": "2024-08-01 05:30:21 +0000"
    },
    "done": false
  },
  "refurbished_furniture:recipes/misc/constructing/orange_lamp": {
    "criteria": {
      "has_redstone": "2024-08-01 05:30:21 +0000"
    },
    "done": false
  },
  "minecraft:recipes/redstone/redstone_torch": {
    "criteria": {
      "has_redstone": "2024-08-01 05:30:21 +0000"
    },
    "done": false
  },
  "refurbished_furniture:recipes/misc/constructing/light_toaster": {
    "criteria": {
      "has_redstone": "2024-08-01 05:30:21 +0000"
    },
    "done": false
  },
  "create:recipes/misc/crafting/logistics/pulse_extender": {
    "criteria": {
      "has_item": "2024-08-01 05:30:21 +0000"
    },
    "done": false
  },
  "supplementaries:recipes/lock_block": {
    "criteria": {
      "has_redstone": "2024-08-01 05:30:21 +0000"
    },
    "done": false
  },
  "refurbished_furniture:recipes/misc/constructing/white_lamp": {
    "criteria": {
      "has_redstone": "2024-08-01 05:30:21 +0000"
    },
    "done": false
  },
  "beachparty:radio": {
    "criteria": {
      "has_redstone": "2024-08-01 05:30:21 +0000"
    },
    "done": false
  },
  "create:recipes/misc/crafting/logistics/pulse_repeater": {
    "criteria": {
      "has_item": "2024-08-01 05:30:21 +0000"
    },
    "done": false
  },
  "refurbished_furniture:recipes/misc/constructing/acacia_light_ceiling_fan": {
    "criteria": {
      "has_redstone": "2024-08-01 05:30:21 +0000"
    },
    "done": false
  },
  "refurbished_furniture:recipes/misc/constructing/light_stove": {
    "criteria": {
      "has_redstone": "2024-08-01 05:30:21 +0000"
    },
    "done": false
  },
  "securitycraft:recipes/misc/username_logger": {
    "criteria": {
      "has_redstone": "2024-08-01 05:30:21 +0000"
    },
    "done": false
  },
  "minecraft:recipes/redstone/target": {
    "criteria": {
      "has_redstone": "2024-08-01 05:30:21 +0000"
    },
    "done": false
  },
  "minecraft:recipes/tools/compass": {
    "criteria": {
      "has_redstone": "2024-08-01 05:30:21 +0000"
    },
    "done": false
  },
  "refurbished_furniture:recipes/misc/constructing/warped_light_ceiling_fan": {
    "criteria": {
      "has_redstone": "2024-08-01 05:30:21 +0000"
    },
    "done": false
  },
  "refurbished_furniture:recipes/misc/constructing/magenta_lamp": {
    "criteria": {
      "has_redstone": "2024-08-01 05:30:21 +0000"
    },
    "done": false
  },
  "securitycraft:recipes/redstone/portable_radar": {
    "criteria": {
      "has_redstone": "2024-08-01 05:30:21 +0000"
    },
    "done": false
  },
  "supplementaries:recipes/redstone_illuminator": {
    "criteria": {
      "has_redstone": "2024-08-01 05:30:21 +0000"
    },
    "done": false
  },
  "securitycraft:recipes/tools/taser": {
    "criteria": {
      "has_redstone": "2024-08-01 05:30:21 +0000"
    },
    "done": false
  },
  "minecraft:recipes/redstone/redstone_block": {
    "criteria": {
      "has_redstone": "2024-08-01 05:30:21 +0000"
    },
    "done": false
  },
  "securitycraft:recipes/redstone/reinforced_dropper": {
    "criteria": {
      "has_redstone": "2024-08-01 05:30:21 +0000"
    },
    "done": false
  },
  "bclib:recipes/redstone/tag_piston": {
    "criteria": {
      "has_redstone": "2024-08-01 05:30:21 +0000"
    },
    "done": false
  },
  "refurbished_furniture:recipes/misc/constructing/light_gray_lamp": {
    "criteria": {
      "has_redstone": "2024-08-01 05:30:21 +0000"
    },
    "done": false
  },
  "refurbished_furniture:recipes/misc/constructing/light_ceiling_light": {
    "criteria": {
      "has_redstone": "2024-08-01 05:30:21 +0000"
    },
    "done": false
  },
  "refurbished_furniture:recipes/misc/light_electricity_generator": {
    "criteria": {
      "has_redstone": "2024-08-01 05:30:21 +0000"
    },
    "done": false
  },
  "securitycraft:recipes/tools/universal_key_changer": {
    "criteria": {
      "has_redstone": "2024-08-01 05:30:21 +0000"
    },
    "done": false
  },
  "minecraft:recipes/tools/clock": {
    "criteria": {
      "has_redstone": "2024-08-01 05:30:21 +0000"
    },
    "done": false
  },
  "refurbished_furniture:recipes/misc/constructing/doorbell": {
    "criteria": {
      "has_redstone": "2024-08-01 05:30:21 +0000"
    },
    "done": false
  },
  "refurbished_furniture:recipes/misc/constructing/light_lightswitch": {
    "criteria": {
      "has_redstone": "2024-08-01 05:30:21 +0000"
    },
    "done": false
  },
  "securitycraft:recipes/redstone/reinforced_redstone_lamp": {
    "criteria": {
      "has_redstone": "2024-08-01 05:30:21 +0000"
    },
    "done": false
  },
  "refurbished_furniture:recipes/misc/constructing/blue_lamp": {
    "criteria": {
      "has_redstone": "2024-08-01 05:30:21 +0000"
    },
    "done": false
  },
  "refurbished_furniture:recipes/misc/constructing/television": {
    "criteria": {
      "has_redstone": "2024-08-01 05:30:21 +0000"
    },
    "done": false
  },
  "securitycraft:recipes/misc/claymore": {
    "criteria": {
      "has_redstone": "2024-08-01 05:30:21 +0000"
    },
    "done": false
  },
  "create:recipes/misc/crafting/logistics/powered_toggle_latch": {
    "criteria": {
      "has_item": "2024-08-01 05:30:21 +0000"
    },
    "done": false
  },
  "securitycraft:recipes/redstone/panic_button": {
    "criteria": {
      "has_redstone": "2024-08-01 05:30:21 +0000"
    },
    "done": false
  },
  "refurbished_furniture:recipes/misc/constructing/pink_lamp": {
    "criteria": {
      "has_redstone": "2024-08-01 05:30:21 +0000"
    },
    "done": false
  },
  "refurbished_furniture:recipes/misc/constructing/cyan_lamp": {
    "criteria": {
      "has_redstone": "2024-08-01 05:30:21 +0000"
    },
    "done": false
  },
  "refurbished_furniture:recipes/misc/constructing/purple_lamp": {
    "criteria": {
      "has_redstone": "2024-08-01 05:30:21 +0000"
    },
    "done": false
  },
  "mcwtrpdoors:recipes/bamboo/bamboo_barred_trapdoor": {
    "criteria": {
      "has_logs": "2024-08-01 05:31:10 +0000"
    },
    "done": false
  },
  "mcwbridges:recipes/dry_bamboo_bridge": {
    "criteria": {
      "has_planks": "2024-08-01 05:31:10 +0000"
    },
    "done": false
  },
  "mcwtrpdoors:recipes/bamboo/bamboo_glass_trapdoor": {
    "criteria": {
      "has_logs": "2024-08-01 05:31:10 +0000"
    },
    "done": false
  },
  "mcwbridges:recipes/dry_bamboo_bridge_pier": {
    "criteria": {
      "has_planks": "2024-08-01 05:31:10 +0000"
    },
    "done": false
  },
  "mcwtrpdoors:recipes/bamboo/bamboo_cottage_trapdoor": {
    "criteria": {
      "has_logs": "2024-08-01 05:31:10 +0000"
    },
    "done": false
  },
  "mcwtrpdoors:recipes/bamboo/bamboo_paper_trapdoor": {
    "criteria": {
      "has_logs": "2024-08-01 05:31:10 +0000"
    },
    "done": false
  },
  "mcwtrpdoors:recipes/bamboo/bamboo_barn_trapdoor": {
    "criteria": {
      "has_logs": "2024-08-01 05:31:10 +0000"
    },
    "done": false
  },
  "mcwtrpdoors:recipes/bamboo/bamboo_swamp_trapdoor": {
    "criteria": {
      "has_logs": "2024-08-01 05:31:10 +0000"
    },
    "done": false
  },
  "supplementaries:recipes/flute": {
    "criteria": {
      "has_bamboo": "2024-08-01 05:31:10 +0000"
    },
    "done": false
  },
  "mcwbridges:recipes/bamboo_bridge_pier": {
    "criteria": {
      "has_planks": "2024-08-01 05:31:10 +0000"
    },
    "done": false
  },
  "mcwdoors:recipes/bamboo": {
    "criteria": {
      "has_wood": "2024-08-01 05:31:10 +0000"
    },
    "done": false
  },
  "minecraft:recipes/misc/iron_nugget_from_smelting": {
    "criteria": {
      "has_iron_sword": "2024-08-01 05:31:10 +0000"
    },
    "done": false
  },
  "vanillacookbook:recipes/cooking/bamboo": {
    "criteria": {
      "has_bamboo": "2024-08-01 05:31:10 +0000"
    },
    "done": true
  },
  "supplementaries:recipes/bamboo_spikes": {
    "criteria": {
      "has_bamboo": "2024-08-01 05:31:10 +0000"
    },
    "done": false
  },
  "vanillacookbook:recipes/bamboo": {
    "criteria": {
      "has_bamboo": "2024-08-01 05:31:10 +0000"
    },
    "done": true
  },
  "mcwtrpdoors:recipes/bamboo/bamboo_barrel_trapdoor": {
    "criteria": {
      "has_logs": "2024-08-01 05:31:10 +0000"
    },
    "done": false
  },
  "minecraft:recipes/misc/stick_from_bamboo_item": {
    "criteria": {
      "has_bamboo": "2024-08-01 05:31:10 +0000"
    },
    "done": false
  },
  "minecraft:recipes/building_blocks/bamboo_block": {
    "criteria": {
      "has_bamboo": "2024-08-01 05:31:10 +0000"
    },
    "done": false
  },
  "candlelight:recipes/bamboo_stove": {
    "criteria": {
      "has_bamboo": "2024-08-01 05:31:10 +0000"
    },
    "done": false
  },
  "mcwtrpdoors:recipes/bamboo/bamboo_tropical_trapdoor": {
    "criteria": {
      "has_logs": "2024-08-01 05:31:10 +0000"
    },
    "done": false
  },
  "mcwtrpdoors:recipes/bamboo/bamboo_classic_trapdoor": {
    "criteria": {
      "has_logs": "2024-08-01 05:31:10 +0000"
    },
    "done": false
  },
  "mcwbridges:recipes/bamboo_bridge": {
    "criteria": {
      "has_planks": "2024-08-01 05:31:10 +0000"
    },
    "done": false
  },
  "candlelight:recipes/bamboo_kitchen_sink": {
    "criteria": {
      "has_bamboo": "2024-08-01 05:31:10 +0000"
    },
    "done": false
  },
  "mcwtrpdoors:recipes/bamboo/bamboo_blossom_trapdoor": {
    "criteria": {
      "has_plankss": "2024-08-01 05:31:10 +0000"
    },
    "done": false
  },
  "naturalist:recipes/naturalist/bug_net": {
    "criteria": {
      "has_bamboo": "2024-08-01 05:31:10 +0000"
    },
    "done": false
  },
  "candlelight:recipes/bamboo_counter": {
    "criteria": {
      "has_bamboo": "2024-08-01 05:31:10 +0000"
    },
    "done": false
  },
  "chimes:recipes/decorations/bamboo_chimes": {
    "criteria": {
      "has_planks": "2024-08-01 05:31:10 +0000"
    },
    "done": false
  },
  "beachparty:palm_torch": {
    "criteria": {
      "has_bamboo": "2024-08-01 05:31:10 +0000"
    },
    "done": false
  },
  "mcwtrpdoors:recipes/bamboo/bamboo_four_panel_trapdoor": {
    "criteria": {
      "has_logs": "2024-08-01 05:31:10 +0000"
    },
    "done": false
  },
  "mcwtrpdoors:recipes/bamboo/bamboo_beach_trapdoor": {
    "criteria": {
      "has_logs": "2024-08-01 05:31:10 +0000"
    },
    "done": false
  },
  "minecraft:recipes/misc/iron_nugget_from_blasting": {
    "criteria": {
      "has_iron_sword": "2024-08-01 05:31:10 +0000"
    },
    "done": false
  },
  "mcwtrpdoors:recipes/bamboo/bamboo_mystic_trapdoor": {
    "criteria": {
      "has_logs": "2024-08-01 05:31:10 +0000"
    },
    "done": false
  },
  "mcwtrpdoors:recipes/bamboo_trapdoor": {
    "criteria": {
      "has_logs": "2024-08-01 05:31:10 +0000"
    },
    "done": false
  },
  "minecraft:recipes/decorations/scaffolding": {
    "criteria": {
      "has_bamboo": "2024-08-01 05:31:10 +0000"
    },
    "done": false
  },
  "minecraft:recipes/misc/iron_ingot_from_iron_block": {
    "criteria": {
      "has_iron_block": "2024-08-01 05:35:03 +0000"
    },
    "done": false
  },
  "minecraft:recipes/decorations/anvil": {
    "criteria": {
      "has_iron_block": "2024-08-01 05:35:03 +0000"
    },
    "done": false
  },
  "betterend:recipes/misc/copy_tool_assembly": {
    "criteria": {
      "has_iron_block": "2024-08-01 05:35:03 +0000"
    },
    "done": false
  },
  "minecraft:recipes/food/pumpkin_pie": {
    "criteria": {
      "has_carved_pumpkin": "2024-08-01 05:35:24 +0000"
    },
    "done": false
  },
  "minecraft:recipes/building_blocks/jack_o_lantern": {
    "criteria": {
      "has_carved_pumpkin": "2024-08-01 05:35:24 +0000"
    },
    "done": false
  },
  "candlelight:recipes/mozzarella_from_water_bucket": {
    "criteria": {
      "has_water_bucket": "2024-08-01 23:45:46 +0000"
    },
    "done": false
  },
  "candlelight:recipes/dough_from_water_bucket": {
    "criteria": {
      "has_water_bucket": "2024-08-01 23:45:46 +0000"
    },
    "done": false
  },
  "bakery:recipes/butter": {
    "criteria": {
      "has_water_bucket": "2024-08-01 23:45:46 +0000"
    },
    "done": false
  },
  "twilightforest:recipes/misc/snow_queen_banner_pattern": {
    "criteria": {
      "has_trophy": "2024-08-01 23:53:45 +0000"
    },
    "done": false
  },
  "minecraft:recipes/redstone/redstone_lamp": {
    "criteria": {
      "has_glowstone": "2024-08-01 23:45:31 +0000"
    },
    "done": false
  },
  "immersive_weathering:immersive_weathering/flower_crown": {
    "criteria": {
      "wheat": "2024-08-01 23:42:16 +0000"
    },
    "done": true
  },
  "refurbished_furniture:recipes/baking/sea_salt": {
    "criteria": {
      "has_ingredient": "2024-08-01 23:45:46 +0000"
    },
    "done": false
  },
  "betterend:recipes/misc/eternal_crystal": {
    "criteria": {
      "has_item.minecraft.end_crystal": "2024-08-01 23:52:55 +0000"
    },
    "done": false
  },
  "betterend:recipes/misc/shadow_berry_jelly": {
    "criteria": {
      "has_tag_c_water_bottles": "2024-08-01 23:45:46 +0000"
    },
    "done": false
  },
  "alexsmobs:alexsmobs/dimensional_carver": {
    "criteria": {
      "dimensional_carver": "2024-08-01 23:43:43 +0000"
    },
    "done": true
  },
  "betterend:recipes/misc/blossom_berry_jelly": {
    "criteria": {
      "has_tag_c_water_bottles": "2024-08-01 23:45:46 +0000"
    },
    "done": false
  },
  "supplementaries:recipes/soap": {
    "criteria": {
      "has_water_bucket": "2024-08-01 23:45:46 +0000"
    },
    "done": false
  },
  "twilightforest:progress_glacier": {
    "criteria": {
      "trophy": "2024-08-01 23:53:45 +0000"
    },
    "done": false
  },
  "mcwlights:recipes/glowstone_slab": {
    "criteria": {
      "has_wood": "2024-08-01 23:45:31 +0000"
    },
    "done": false
  },
  "minecraft:recipes/brewing/cauldron": {
    "criteria": {
      "has_water_bucket": "2024-08-01 23:45:46 +0000"
    },
    "done": false
  },
  "minecraft:recipes/misc/ice_from_freezing": {
    "criteria": {
      "has_water": "2024-08-01 23:45:46 +0000"
    },
    "done": false
  },
  "refurbished_furniture:recipes/food/dough": {
    "criteria": {
      "has_water": "2024-08-01 23:45:46 +0000"
    },
    "done": false
  },
  "betterend:recipes/misc/sweet_berry_jelly": {
    "criteria": {
      "has_tag_c_water_bottles": "2024-08-01 23:45:46 +0000"
    },
    "done": false
  },
  "refurbished_furniture:recipes/freezing/ice": {
    "criteria": {
      "has_ingredient": "2024-08-01 23:45:46 +0000"
    },
    "done": false
  },
  "candlelight:recipes/mozzarella": {
    "criteria": {
      "has_water_bucket": "2024-08-01 23:45:46 +0000"
    },
    "done": false
  },
  "DataVersion": 3465
}